video_name,timestamp_seconds,timestamp_hhmmss,real_timestamp_hhmmss,frame_number,person_count,bicycle_count,car_count,motorcycle_count,bus_count,truck_count,traffic_light_count,total_vehicle_count,total_road_user_count
Whole Day 2 - Mon 27th Apr.mov,0,0:00:00,13:30:00,0,0,0,1,0,0,0,0,1,1
Whole Day 2 - Mon 27th Apr.mov,10,0:00:10,13:30:10,299,1,0,2,0,0,0,0,2,3
Whole Day 2 - Mon 27th Apr.mov,20,0:00:20,13:30:20,599,1,0,4,0,1,0,0,5,6
Whole Day 2 - Mon 27th Apr.mov,30,0:00:30,13:30:30,898,3,0,3,0,1,0,0,4,7
Whole Day 2 - Mon 27th Apr.mov,40,0:00:40,13:30:40,1198,1,0,2,0,1,0,0,3,4
Whole Day 2 - Mon 27th Apr.mov,50,0:00:50,13:30:50,1498,3,0,4,0,0,0,0,4,7
Whole Day 2 - Mon 27th Apr.mov,60,0:01:00,13:31:00,1797,2,0,7,0,0,0,0,7,9
Whole Day 2 - Mon 27th Apr.mov,70,0:01:10,13:31:10,2097,1,0,7,0,1,0,0,8,9
Whole Day 2 - Mon 27th Apr.mov,80,0:01:20,13:31:20,2396,1,0,5,0,0,0,0,5,6
Whole Day 2 - Mon 27th Apr.mov,90,0:01:30,13:31:30,2696,2,0,3,0,0,0,0,3,5
Whole Day 2 - Mon 27th Apr.mov,100,0:01:40,13:31:40,2996,0,0,3,0,0,0,0,3,3
Whole Day 2 - Mon 27th Apr.mov,110,0:01:50,13:31:50,3295,0,0,4,0,0,0,0,4,4
Whole Day 2 - Mon 27th Apr.mov,120,0:02:00,13:32:00,3595,1,0,7,0,0,0,0,7,8
Whole Day 2 - Mon 27th Apr.mov,130,0:02:10,13:32:10,3894,0,0,0,0,0,0,0,0,0
Whole Day 2 - Mon 27th Apr.mov,140,0:02:20,13:32:20,4194,0,0,2,0,0,0,0,2,2
Whole Day 2 - Mon 27th Apr.mov,150,0:02:30,13:32:30,4494,1,0,1,0,0,0,0,1,2
Whole Day 2 - Mon 27th Apr.mov,160,0:02:40,13:32:40,4793,3,0,4,0,0,0,0,4,7
Whole Day 2 - Mon 27th Apr.mov,170,0:02:50,13:32:50,5093,0,0,4,0,0,0,0,4,4
Whole Day 2 - Mon 27th Apr.mov,180,0:03:00,13:33:00,5392,1,0,6,0,0,1,0,7,8
Whole Day 2 - Mon 27th Apr.mov,190,0:03:10,13:33:10,5692,0,0,3,0,0,0,0,3,3
Whole Day 2 - Mon 27th Apr.mov,200,0:03:20,13:33:20,5992,0,0,5,0,0,0,0,5,5
Whole Day 2 - Mon 27th Apr.mov,210,0:03:30,13:33:30,6291,0,0,7,0,0,0,0,7,7
Whole Day 2 - Mon 27th Apr.mov,220,0:03:40,13:33:40,6591,0,0,4,0,1,0,0,5,5
Whole Day 2 - Mon 27th Apr.mov,230,0:03:50,13:33:50,6890,0,0,8,0,0,0,0,8,8
Whole Day 2 - Mon 27th Apr.mov,240,0:04:00,13:34:00,7190,2,0,9,0,0,0,0,9,11
Whole Day 2 - Mon 27th Apr.mov,250,0:04:10,13:34:10,7490,0,0,5,0,0,0,0,5,5
Whole Day 2 - Mon 27th Apr.mov,260,0:04:20,13:34:20,7789,0,0,7,0,0,0,0,7,7
Whole Day 2 - Mon 27th Apr.mov,270,0:04:30,13:34:30,8089,1,0,4,0,0,0,0,4,5
Whole Day 2 - Mon 27th Apr.mov,280,0:04:40,13:34:40,8388,1,0,2,0,0,0,0,2,3
Whole Day 2 - Mon 27th Apr.mov,290,0:04:50,13:34:50,8688,1,0,2,0,0,0,0,2,3
Whole Day 2 - Mon 27th Apr.mov,300,0:05:00,13:35:00,8988,0,0,2,0,0,0,0,2,2
Whole Day 2 - Mon 27th Apr.mov,310,0:05:10,13:35:10,9287,0,0,5,0,0,0,0,5,5
Whole Day 2 - Mon 27th Apr.mov,320,0:05:20,13:35:20,9587,1,0,4,0,0,0,0,4,5
Whole Day 2 - Mon 27th Apr.mov,330,0:05:30,13:35:30,9886,0,0,7,0,0,0,0,7,7
Whole Day 2 - Mon 27th Apr.mov,340,0:05:40,13:35:40,10186,1,0,4,0,0,1,0,5,6
Whole Day 2 - Mon 27th Apr.mov,350,0:05:50,13:35:50,10486,0,0,9,0,0,0,0,9,9
Whole Day 2 - Mon 27th Apr.mov,360,0:06:00,13:36:00,10785,1,0,8,0,0,0,0,8,9
Whole Day 2 - Mon 27th Apr.mov,370,0:06:10,13:36:10,11085,1,0,4,0,0,0,0,4,5
Whole Day 2 - Mon 27th Apr.mov,380,0:06:20,13:36:20,11384,0,0,3,0,0,0,0,3,3
Whole Day 2 - Mon 27th Apr.mov,390,0:06:30,13:36:30,11684,0,0,3,0,0,0,0,3,3
Whole Day 2 - Mon 27th Apr.mov,400,0:06:40,13:36:40,11984,0,0,6,0,0,0,0,6,6
Whole Day 2 - Mon 27th Apr.mov,410,0:06:50,13:36:50,12283,1,0,1,0,0,0,0,1,2
Whole Day 2 - Mon 27th Apr.mov,420,0:07:00,13:37:00,12583,0,0,1,0,0,0,0,1,1
Whole Day 2 - Mon 27th Apr.mov,430,0:07:10,13:37:10,12882,0,0,2,0,0,0,0,2,2
Whole Day 2 - Mon 27th Apr.mov,440,0:07:20,13:37:20,13182,1,0,3,0,0,0,0,3,4
Whole Day 2 - Mon 27th Apr.mov,450,0:07:30,13:37:30,13482,1,0,13,0,0,0,0,13,14
Whole Day 2 - Mon 27th Apr.mov,460,0:07:40,13:37:40,13781,0,0,10,0,0,0,0,10,10
Whole Day 2 - Mon 27th Apr.mov,470,0:07:50,13:37:50,14081,1,0,2,0,0,0,0,2,3
Whole Day 2 - Mon 27th Apr.mov,480,0:08:00,13:38:00,14380,1,0,7,0,0,0,0,7,8
Whole Day 2 - Mon 27th Apr.mov,490,0:08:10,13:38:10,14680,0,0,0,0,0,0,0,0,0
Whole Day 2 - Mon 27th Apr.mov,500,0:08:20,13:38:20,14980,0,0,3,0,0,0,0,3,3
Whole Day 2 - Mon 27th Apr.mov,510,0:08:30,13:38:30,15279,0,0,1,0,0,0,0,1,1
Whole Day 2 - Mon 27th Apr.mov,520,0:08:40,13:38:40,15579,1,0,1,0,0,0,0,1,2
Whole Day 2 - Mon 27th Apr.mov,530,0:08:50,13:38:50,15878,1,0,0,0,0,0,0,0,1
Whole Day 2 - Mon 27th Apr.mov,540,0:09:00,13:39:00,16178,0,0,1,0,0,0,0,1,1
Whole Day 2 - Mon 27th Apr.mov,550,0:09:10,13:39:10,16478,1,0,1,0,0,0,0,1,2
Whole Day 2 - Mon 27th Apr.mov,560,0:09:20,13:39:20,16777,0,0,1,0,0,0,0,1,1
Whole Day 2 - Mon 27th Apr.mov,570,0:09:30,13:39:30,17077,0,0,5,0,0,0,0,5,5
Whole Day 2 - Mon 27th Apr.mov,580,0:09:40,13:39:40,17376,0,0,2,0,0,0,0,2,2
Whole Day 2 - Mon 27th Apr.mov,590,0:09:50,13:39:50,17676,0,0,6,0,0,0,0,6,6
Whole Day 2 - Mon 27th Apr.mov,600,0:10:00,13:40:00,17976,0,0,4,0,0,0,0,4,4
Whole Day 2 - Mon 27th Apr.mov,610,0:10:10,13:40:10,18275,0,0,7,0,0,0,0,7,7
Whole Day 2 - Mon 27th Apr.mov,620,0:10:20,13:40:20,18575,1,0,5,0,0,0,0,5,6
Whole Day 2 - Mon 27th Apr.mov,630,0:10:30,13:40:30,18874,0,0,5,0,0,0,0,5,5
Whole Day 2 - Mon 27th Apr.mov,640,0:10:40,13:40:40,19174,0,0,4,0,0,0,0,4,4
Whole Day 2 - Mon 27th Apr.mov,650,0:10:50,13:40:50,19474,0,0,3,0,0,0,0,3,3
Whole Day 2 - Mon 27th Apr.mov,660,0:11:00,13:41:00,19773,0,0,0,0,0,0,0,0,0
Whole Day 2 - Mon 27th Apr.mov,670,0:11:10,13:41:10,20073,0,0,0,0,0,0,0,0,0
Whole Day 2 - Mon 27th Apr.mov,680,0:11:20,13:41:20,20372,0,0,2,0,0,1,0,3,3
Whole Day 2 - Mon 27th Apr.mov,690,0:11:30,13:41:30,20672,0,0,3,0,0,0,0,3,3
Whole Day 2 - Mon 27th Apr.mov,700,0:11:40,13:41:40,20972,0,0,2,0,0,0,0,2,2
Whole Day 2 - Mon 27th Apr.mov,710,0:11:50,13:41:50,21271,0,0,5,0,0,1,0,6,6
Whole Day 2 - Mon 27th Apr.mov,720,0:12:00,13:42:00,21571,0,0,5,0,0,0,0,5,5
Whole Day 2 - Mon 27th Apr.mov,730,0:12:10,13:42:10,21870,0,0,8,0,0,1,0,9,9
Whole Day 2 - Mon 27th Apr.mov,740,0:12:20,13:42:20,22170,0,0,3,0,1,0,0,4,4
Whole Day 2 - Mon 27th Apr.mov,750,0:12:30,13:42:30,22470,0,0,5,0,0,0,0,5,5
Whole Day 2 - Mon 27th Apr.mov,760,0:12:40,13:42:40,22769,0,0,4,0,0,1,0,5,5
Whole Day 2 - Mon 27th Apr.mov,770,0:12:50,13:42:50,23069,0,0,3,0,0,0,0,3,3
Whole Day 2 - Mon 27th Apr.mov,780,0:13:00,13:43:00,23368,0,0,5,0,0,1,0,6,6
Whole Day 2 - Mon 27th Apr.mov,790,0:13:10,13:43:10,23668,0,0,0,0,0,0,0,0,0
Whole Day 2 - Mon 27th Apr.mov,800,0:13:20,13:43:20,23968,0,0,0,0,0,0,0,0,0
Whole Day 2 - Mon 27th Apr.mov,810,0:13:30,13:43:30,24267,0,0,5,0,0,1,0,6,6
Whole Day 2 - Mon 27th Apr.mov,820,0:13:40,13:43:40,24567,2,0,8,0,0,0,0,8,10
Whole Day 2 - Mon 27th Apr.mov,830,0:13:50,13:43:50,24866,0,0,5,0,0,0,0,5,5
Whole Day 2 - Mon 27th Apr.mov,840,0:14:00,13:44:00,25166,0,0,6,0,0,0,0,6,6
Whole Day 2 - Mon 27th Apr.mov,850,0:14:10,13:44:10,25466,2,0,5,0,0,0,0,5,7
Whole Day 2 - Mon 27th Apr.mov,860,0:14:20,13:44:20,25765,0,0,6,0,0,0,0,6,6
Whole Day 2 - Mon 27th Apr.mov,870,0:14:30,13:44:30,26065,0,0,6,0,0,0,0,6,6
Whole Day 2 - Mon 27th Apr.mov,880,0:14:40,13:44:40,26364,0,0,3,0,0,0,0,3,3
Whole Day 2 - Mon 27th Apr.mov,890,0:14:50,13:44:50,26664,0,0,1,0,0,0,0,1,1
Whole Day 2 - Mon 27th Apr.mov,900,0:15:00,13:45:00,26964,0,0,2,0,0,0,0,2,2
Whole Day 2 - Mon 27th Apr.mov,910,0:15:10,13:45:10,27263,1,0,4,0,0,0,0,4,5
Whole Day 2 - Mon 27th Apr.mov,920,0:15:20,13:45:20,27563,0,0,11,0,0,0,0,11,11
Whole Day 2 - Mon 27th Apr.mov,930,0:15:30,13:45:30,27862,0,0,6,0,0,0,0,6,6
Whole Day 2 - Mon 27th Apr.mov,940,0:15:40,13:45:40,28162,0,0,8,0,0,0,1,8,8
Whole Day 2 - Mon 27th Apr.mov,950,0:15:50,13:45:50,28462,0,0,7,0,0,0,0,7,7
Whole Day 2 - Mon 27th Apr.mov,960,0:16:00,13:46:00,28761,0,0,7,0,0,0,0,7,7
Whole Day 2 - Mon 27th Apr.mov,970,0:16:10,13:46:10,29061,1,0,6,0,0,0,0,6,7
Whole Day 2 - Mon 27th Apr.mov,980,0:16:20,13:46:20,29360,0,0,1,0,0,0,0,1,1
Whole Day 2 - Mon 27th Apr.mov,990,0:16:30,13:46:30,29660,0,0,1,0,0,0,0,1,1
Whole Day 2 - Mon 27th Apr.mov,1000,0:16:40,13:46:40,29960,1,0,4,0,0,0,0,4,5
Whole Day 2 - Mon 27th Apr.mov,1010,0:16:50,13:46:50,30259,0,0,3,0,0,0,0,3,3
Whole Day 2 - Mon 27th Apr.mov,1020,0:17:00,13:47:00,30559,1,0,0,0,0,0,0,0,1
Whole Day 2 - Mon 27th Apr.mov,1030,0:17:10,13:47:10,30858,0,0,2,0,0,0,0,2,2
Whole Day 2 - Mon 27th Apr.mov,1040,0:17:20,13:47:20,31158,0,0,1,0,0,0,0,1,1
Whole Day 2 - Mon 27th Apr.mov,1050,0:17:30,13:47:30,31458,0,0,1,0,0,0,0,1,1
Whole Day 2 - Mon 27th Apr.mov,1060,0:17:40,13:47:40,31757,0,0,2,0,0,0,0,2,2
Whole Day 2 - Mon 27th Apr.mov,1070,0:17:50,13:47:50,32057,0,0,3,0,0,0,0,3,3
Whole Day 2 - Mon 27th Apr.mov,1080,0:18:00,13:48:00,32356,0,0,6,0,0,0,0,6,6
Whole Day 2 - Mon 27th Apr.mov,1090,0:18:10,13:48:10,32656,0,0,6,0,0,0,0,6,6
Whole Day 2 - Mon 27th Apr.mov,1100,0:18:20,13:48:20,32956,0,0,6,0,0,0,0,6,6
Whole Day 2 - Mon 27th Apr.mov,1110,0:18:30,13:48:30,33255,0,0,5,0,0,0,0,5,5
Whole Day 2 - Mon 27th Apr.mov,1120,0:18:40,13:48:40,33555,1,0,5,0,0,0,0,5,6
Whole Day 2 - Mon 27th Apr.mov,1130,0:18:50,13:48:50,33854,0,0,0,0,0,0,0,0,0
Whole Day 2 - Mon 27th Apr.mov,1140,0:19:00,13:49:00,34154,0,0,5,0,0,0,0,5,5
Whole Day 2 - Mon 27th Apr.mov,1150,0:19:10,13:49:10,34454,0,0,4,0,0,0,0,4,4
Whole Day 2 - Mon 27th Apr.mov,1160,0:19:20,13:49:20,34753,1,0,4,0,0,0,0,4,5
Whole Day 2 - Mon 27th Apr.mov,1170,0:19:30,13:49:30,35053,0,0,0,0,0,0,0,0,0
Whole Day 2 - Mon 27th Apr.mov,1180,0:19:40,13:49:40,35352,0,0,0,0,0,0,0,0,0
Whole Day 2 - Mon 27th Apr.mov,1190,0:19:50,13:49:50,35652,0,0,1,0,0,0,0,1,1
Whole Day 2 - Mon 27th Apr.mov,1200,0:20:00,13:50:00,35952,0,0,4,0,0,1,0,5,5
Whole Day 2 - Mon 27th Apr.mov,1210,0:20:10,13:50:10,36251,0,0,4,0,0,0,0,4,4
Whole Day 2 - Mon 27th Apr.mov,1220,0:20:20,13:50:20,36551,0,0,4,0,0,0,0,4,4
Whole Day 2 - Mon 27th Apr.mov,1230,0:20:30,13:50:30,36850,0,0,4,0,0,0,0,4,4
Whole Day 2 - Mon 27th Apr.mov,1240,0:20:40,13:50:40,37150,0,0,6,0,0,0,0,6,6
Whole Day 2 - Mon 27th Apr.mov,1250,0:20:50,13:50:50,37450,0,0,2,0,0,0,0,2,2
Whole Day 2 - Mon 27th Apr.mov,1260,0:21:00,13:51:00,37749,0,0,5,0,0,0,0,5,5
Whole Day 2 - Mon 27th Apr.mov,1270,0:21:10,13:51:10,38049,0,0,5,0,0,0,0,5,5
Whole Day 2 - Mon 27th Apr.mov,1280,0:21:20,13:51:20,38348,0,0,4,0,1,0,0,5,5
Whole Day 2 - Mon 27th Apr.mov,1290,0:21:30,13:51:30,38648,1,0,5,0,0,0,0,5,6
Whole Day 2 - Mon 27th Apr.mov,1300,0:21:40,13:51:40,38948,1,0,4,0,0,0,0,4,5
Whole Day 2 - Mon 27th Apr.mov,1310,0:21:50,13:51:50,39247,0,0,0,0,0,0,0,0,0
Whole Day 2 - Mon 27th Apr.mov,1320,0:22:00,13:52:00,39547,0,0,0,0,0,0,1,0,0
Whole Day 2 - Mon 27th Apr.mov,1330,0:22:10,13:52:10,39846,0,0,2,0,0,0,0,2,2
Whole Day 2 - Mon 27th Apr.mov,1340,0:22:20,13:52:20,40146,0,0,1,0,0,0,0,1,1
Whole Day 2 - Mon 27th Apr.mov,1350,0:22:30,13:52:30,40446,0,0,5,0,0,1,0,6,6
Whole Day 2 - Mon 27th Apr.mov,1360,0:22:40,13:52:40,40745,0,0,5,0,0,0,0,5,5
Whole Day 2 - Mon 27th Apr.mov,1370,0:22:50,13:52:50,41045,0,0,5,0,0,0,0,5,5
Whole Day 2 - Mon 27th Apr.mov,1380,0:23:00,13:53:00,41344,1,0,4,0,0,0,0,4,5
Whole Day 2 - Mon 27th Apr.mov,1390,0:23:10,13:53:10,41644,1,0,3,0,0,0,0,3,4
Whole Day 2 - Mon 27th Apr.mov,1400,0:23:20,13:53:20,41944,0,0,7,0,0,0,0,7,7
Whole Day 2 - Mon 27th Apr.mov,1410,0:23:30,13:53:30,42243,0,0,3,0,0,0,0,3,3
Whole Day 2 - Mon 27th Apr.mov,1420,0:23:40,13:53:40,42543,1,0,6,0,0,0,0,6,7
Whole Day 2 - Mon 27th Apr.mov,1430,0:23:50,13:53:50,42842,0,0,4,0,0,0,1,4,4
Whole Day 2 - Mon 27th Apr.mov,1440,0:24:00,13:54:00,43142,0,0,3,0,0,0,0,3,3
Whole Day 2 - Mon 27th Apr.mov,1450,0:24:10,13:54:10,43442,0,0,1,0,0,0,0,1,1
Whole Day 2 - Mon 27th Apr.mov,1460,0:24:20,13:54:20,43741,0,0,2,0,0,0,0,2,2
Whole Day 2 - Mon 27th Apr.mov,1470,0:24:30,13:54:30,44041,0,0,2,0,0,0,0,2,2
Whole Day 2 - Mon 27th Apr.mov,1480,0:24:40,13:54:40,44340,2,0,4,0,0,0,0,4,6
Whole Day 2 - Mon 27th Apr.mov,1490,0:24:50,13:54:50,44640,1,0,4,0,0,0,0,4,5
Whole Day 2 - Mon 27th Apr.mov,1500,0:25:00,13:55:00,44940,0,0,4,0,0,0,0,4,4
Whole Day 2 - Mon 27th Apr.mov,1510,0:25:10,13:55:10,45239,2,0,2,0,0,0,0,2,4
Whole Day 2 - Mon 27th Apr.mov,1520,0:25:20,13:55:20,45539,0,0,2,0,0,0,0,2,2
Whole Day 2 - Mon 27th Apr.mov,1530,0:25:30,13:55:30,45838,0,0,6,0,0,0,0,6,6
Whole Day 2 - Mon 27th Apr.mov,1540,0:25:40,13:55:40,46138,0,0,7,0,0,0,0,7,7
Whole Day 2 - Mon 27th Apr.mov,1550,0:25:50,13:55:50,46438,1,0,2,0,0,0,0,2,3
Whole Day 2 - Mon 27th Apr.mov,1560,0:26:00,13:56:00,46737,0,0,6,0,0,0,0,6,6
Whole Day 2 - Mon 27th Apr.mov,1570,0:26:10,13:56:10,47037,0,0,4,0,0,0,0,4,4
Whole Day 2 - Mon 27th Apr.mov,1580,0:26:20,13:56:20,47336,1,0,2,0,0,0,0,2,3
Whole Day 2 - Mon 27th Apr.mov,1590,0:26:30,13:56:30,47636,0,0,1,0,0,0,0,1,1
Whole Day 2 - Mon 27th Apr.mov,1600,0:26:40,13:56:40,47936,1,0,0,0,0,0,0,0,1
Whole Day 2 - Mon 27th Apr.mov,1610,0:26:50,13:56:50,48235,1,0,1,0,0,0,0,1,2
Whole Day 2 - Mon 27th Apr.mov,1620,0:27:00,13:57:00,48535,0,0,1,0,0,0,0,1,1
Whole Day 2 - Mon 27th Apr.mov,1630,0:27:10,13:57:10,48834,1,0,5,0,0,0,0,5,6
Whole Day 2 - Mon 27th Apr.mov,1640,0:27:20,13:57:20,49134,1,0,6,0,1,2,0,9,10
Whole Day 2 - Mon 27th Apr.mov,1650,0:27:30,13:57:30,49434,0,0,5,0,0,0,0,5,5
Whole Day 2 - Mon 27th Apr.mov,1660,0:27:40,13:57:40,49733,2,0,10,0,0,0,0,10,12
Whole Day 2 - Mon 27th Apr.mov,1670,0:27:50,13:57:50,50033,0,0,7,0,0,0,0,7,7
Whole Day 2 - Mon 27th Apr.mov,1680,0:28:00,13:58:00,50332,1,0,3,0,0,1,0,4,5
Whole Day 2 - Mon 27th Apr.mov,1690,0:28:10,13:58:10,50632,1,0,9,0,0,0,0,9,10
Whole Day 2 - Mon 27th Apr.mov,1700,0:28:20,13:58:20,50932,4,0,11,0,0,0,1,11,15
Whole Day 2 - Mon 27th Apr.mov,1710,0:28:30,13:58:30,51231,0,0,8,0,0,0,0,8,8
Whole Day 2 - Mon 27th Apr.mov,1720,0:28:40,13:58:40,51531,2,0,3,0,0,0,0,3,5
Whole Day 2 - Mon 27th Apr.mov,1730,0:28:50,13:58:50,51830,0,0,1,0,0,0,0,1,1
Whole Day 2 - Mon 27th Apr.mov,1740,0:29:00,13:59:00,52130,0,0,1,0,0,0,0,1,1
Whole Day 2 - Mon 27th Apr.mov,1750,0:29:10,13:59:10,52430,0,0,4,0,0,0,1,4,4
Whole Day 2 - Mon 27th Apr.mov,1760,0:29:20,13:59:20,52729,2,0,6,0,0,0,0,6,8
Whole Day 2 - Mon 27th Apr.mov,1770,0:29:30,13:59:30,53029,2,0,4,0,0,1,0,5,7
Whole Day 2 - Mon 27th Apr.mov,1780,0:29:40,13:59:40,53328,0,0,9,0,0,0,0,9,9
Whole Day 2 - Mon 27th Apr.mov,1790,0:29:50,13:59:50,53628,0,0,7,0,0,0,0,7,7
Whole Day 2 - Mon 27th Apr.mov,1800,0:30:00,14:00:00,53928,1,0,10,0,0,0,0,10,11
Whole Day 2 - Mon 27th Apr.mov,1810,0:30:10,14:00:10,54227,0,0,8,0,0,0,0,8,8
Whole Day 2 - Mon 27th Apr.mov,1820,0:30:20,14:00:20,54527,0,0,6,0,0,0,0,6,6
Whole Day 2 - Mon 27th Apr.mov,1830,0:30:30,14:00:30,54826,0,0,5,0,0,0,0,5,5
Whole Day 2 - Mon 27th Apr.mov,1840,0:30:40,14:00:40,55126,1,0,6,0,0,0,0,6,7
Whole Day 2 - Mon 27th Apr.mov,1850,0:30:50,14:00:50,55426,0,0,6,0,0,0,0,6,6
Whole Day 2 - Mon 27th Apr.mov,1860,0:31:00,14:01:00,55725,0,0,3,0,0,0,0,3,3
Whole Day 2 - Mon 27th Apr.mov,1870,0:31:10,14:01:10,56025,0,0,2,0,0,0,0,2,2
Whole Day 2 - Mon 27th Apr.mov,1880,0:31:20,14:01:20,56324,0,0,1,0,0,0,0,1,1
Whole Day 2 - Mon 27th Apr.mov,1890,0:31:30,14:01:30,56624,0,0,2,0,0,0,0,2,2
Whole Day 2 - Mon 27th Apr.mov,1900,0:31:40,14:01:40,56924,0,0,9,0,0,0,0,9,9
Whole Day 2 - Mon 27th Apr.mov,1910,0:31:50,14:01:50,57223,0,0,9,1,0,0,0,10,10
Whole Day 2 - Mon 27th Apr.mov,1920,0:32:00,14:02:00,57523,0,0,7,0,0,0,0,7,7
Whole Day 2 - Mon 27th Apr.mov,1930,0:32:10,14:02:10,57822,2,0,6,0,0,0,1,6,8
Whole Day 2 - Mon 27th Apr.mov,1940,0:32:20,14:02:20,58122,0,0,6,0,0,0,0,6,6
Whole Day 2 - Mon 27th Apr.mov,1950,0:32:30,14:02:30,58422,0,0,3,0,1,0,0,4,4
Whole Day 2 - Mon 27th Apr.mov,1960,0:32:40,14:02:40,58721,2,0,6,0,0,0,1,6,8
Whole Day 2 - Mon 27th Apr.mov,1970,0:32:50,14:02:50,59021,1,0,9,0,0,0,0,9,10
Whole Day 2 - Mon 27th Apr.mov,1980,0:33:00,14:03:00,59320,1,0,6,0,0,0,1,6,7
Whole Day 2 - Mon 27th Apr.mov,1990,0:33:10,14:03:10,59620,1,0,7,0,0,0,1,7,8
Whole Day 2 - Mon 27th Apr.mov,2000,0:33:20,14:03:20,59920,0,0,1,0,0,0,0,1,1
Whole Day 2 - Mon 27th Apr.mov,2010,0:33:30,14:03:30,60219,1,0,2,0,0,0,0,2,3
Whole Day 2 - Mon 27th Apr.mov,2020,0:33:40,14:03:40,60519,1,0,3,0,0,0,1,3,4
Whole Day 2 - Mon 27th Apr.mov,2030,0:33:50,14:03:50,60818,0,0,3,0,1,0,0,4,4
Whole Day 2 - Mon 27th Apr.mov,2040,0:34:00,14:04:00,61118,0,0,1,0,0,0,0,1,1
Whole Day 2 - Mon 27th Apr.mov,2050,0:34:10,14:04:10,61418,0,0,4,0,0,0,1,4,4
Whole Day 2 - Mon 27th Apr.mov,2060,0:34:20,14:04:20,61717,1,0,4,0,0,0,0,4,5
Whole Day 2 - Mon 27th Apr.mov,2070,0:34:30,14:04:30,62017,0,0,12,0,0,0,0,12,12
Whole Day 2 - Mon 27th Apr.mov,2080,0:34:40,14:04:40,62316,0,0,3,0,0,0,1,3,3
Whole Day 2 - Mon 27th Apr.mov,2090,0:34:50,14:04:50,62616,0,0,4,0,0,0,0,4,4
Whole Day 2 - Mon 27th Apr.mov,2100,0:35:00,14:05:00,62916,0,0,5,0,0,0,1,5,5
Whole Day 2 - Mon 27th Apr.mov,2110,0:35:10,14:05:10,63215,1,0,6,0,0,0,0,6,7
Whole Day 2 - Mon 27th Apr.mov,2120,0:35:20,14:05:20,63515,0,0,2,0,0,0,0,2,2
Whole Day 2 - Mon 27th Apr.mov,2130,0:35:30,14:05:30,63814,0,0,0,0,0,0,0,0,0
Whole Day 2 - Mon 27th Apr.mov,2140,0:35:40,14:05:40,64114,0,0,1,0,0,0,0,1,1
Whole Day 2 - Mon 27th Apr.mov,2150,0:35:50,14:05:50,64414,1,0,5,0,0,0,1,5,6
Whole Day 2 - Mon 27th Apr.mov,2160,0:36:00,14:06:00,64713,0,0,1,0,0,0,0,1,1
Whole Day 2 - Mon 27th Apr.mov,2170,0:36:10,14:06:10,65013,0,0,2,0,0,0,0,2,2
Whole Day 2 - Mon 27th Apr.mov,2180,0:36:20,14:06:20,65312,0,0,3,0,0,0,0,3,3
Whole Day 2 - Mon 27th Apr.mov,2190,0:36:30,14:06:30,65612,0,0,3,0,0,0,0,3,3
Whole Day 2 - Mon 27th Apr.mov,2200,0:36:40,14:06:40,65912,0,0,4,0,0,0,1,4,4
Whole Day 2 - Mon 27th Apr.mov,2210,0:36:50,14:06:50,66211,1,0,7,0,0,0,1,7,8
Whole Day 2 - Mon 27th Apr.mov,2220,0:37:00,14:07:00,66511,1,0,4,0,0,0,0,4,5
Whole Day 2 - Mon 27th Apr.mov,2230,0:37:10,14:07:10,66810,1,0,5,0,0,0,0,5,6
Whole Day 2 - Mon 27th Apr.mov,2240,0:37:20,14:07:20,67110,0,0,4,0,0,0,0,4,4
Whole Day 2 - Mon 27th Apr.mov,2250,0:37:30,14:07:30,67410,0,0,1,0,0,0,0,1,1
Whole Day 2 - Mon 27th Apr.mov,2260,0:37:40,14:07:40,67709,0,0,2,0,0,0,0,2,2
Whole Day 2 - Mon 27th Apr.mov,2270,0:37:50,14:07:50,68009,0,0,1,0,0,0,0,1,1
Whole Day 2 - Mon 27th Apr.mov,2280,0:38:00,14:08:00,68308,1,0,1,0,1,1,0,3,4
Whole Day 2 - Mon 27th Apr.mov,2290,0:38:10,14:08:10,68608,1,0,3,0,0,0,0,3,4
Whole Day 2 - Mon 27th Apr.mov,2300,0:38:20,14:08:20,68908,1,0,4,0,0,0,0,4,5
Whole Day 2 - Mon 27th Apr.mov,2310,0:38:30,14:08:30,69207,0,0,2,0,0,0,0,2,2
Whole Day 2 - Mon 27th Apr.mov,2320,0:38:40,14:08:40,69507,2,0,6,0,0,0,0,6,8
Whole Day 2 - Mon 27th Apr.mov,2330,0:38:50,14:08:50,69806,1,0,8,0,0,0,0,8,9
Whole Day 2 - Mon 27th Apr.mov,2340,0:39:00,14:09:00,70106,0,0,6,0,0,0,0,6,6
Whole Day 2 - Mon 27th Apr.mov,2350,0:39:10,14:09:10,70406,0,0,4,0,0,0,0,4,4
Whole Day 2 - Mon 27th Apr.mov,2360,0:39:20,14:09:20,70705,0,0,1,0,0,0,0,1,1
Whole Day 2 - Mon 27th Apr.mov,2370,0:39:30,14:09:30,71005,1,0,2,0,0,0,0,2,3
Whole Day 2 - Mon 27th Apr.mov,2380,0:39:40,14:09:40,71304,0,0,1,0,0,0,0,1,1
Whole Day 2 - Mon 27th Apr.mov,2390,0:39:50,14:09:50,71604,1,0,3,0,0,0,1,3,4
Whole Day 2 - Mon 27th Apr.mov,2400,0:40:00,14:10:00,71904,0,0,2,0,0,0,0,2,2
Whole Day 2 - Mon 27th Apr.mov,2410,0:40:10,14:10:10,72203,0,0,2,0,0,0,0,2,2
Whole Day 2 - Mon 27th Apr.mov,2420,0:40:20,14:10:20,72503,0,0,3,0,0,0,0,3,3
Whole Day 2 - Mon 27th Apr.mov,2430,0:40:30,14:10:30,72802,0,0,5,0,0,0,1,5,5
Whole Day 2 - Mon 27th Apr.mov,2440,0:40:40,14:10:40,73102,0,0,5,0,0,0,0,5,5
Whole Day 2 - Mon 27th Apr.mov,2450,0:40:50,14:10:50,73402,0,0,5,0,0,0,0,5,5
Whole Day 2 - Mon 27th Apr.mov,2460,0:41:00,14:11:00,73701,0,0,6,0,0,0,0,6,6
Whole Day 2 - Mon 27th Apr.mov,2470,0:41:10,14:11:10,74001,0,0,3,0,0,0,0,3,3
Whole Day 2 - Mon 27th Apr.mov,2480,0:41:20,14:11:20,74300,0,0,1,0,0,0,0,1,1
Whole Day 2 - Mon 27th Apr.mov,2490,0:41:30,14:11:30,74600,0,0,2,0,0,0,0,2,2
Whole Day 2 - Mon 27th Apr.mov,2500,0:41:40,14:11:40,74900,0,0,4,0,0,0,0,4,4
Whole Day 2 - Mon 27th Apr.mov,2510,0:41:50,14:11:50,75199,0,0,6,0,0,0,0,6,6
Whole Day 2 - Mon 27th Apr.mov,2520,0:42:00,14:12:00,75499,0,0,3,0,0,0,1,3,3
Whole Day 2 - Mon 27th Apr.mov,2530,0:42:10,14:12:10,75798,1,0,3,0,0,0,0,3,4
Whole Day 2 - Mon 27th Apr.mov,2540,0:42:20,14:12:20,76098,0,0,6,0,0,0,0,6,6
Whole Day 2 - Mon 27th Apr.mov,2550,0:42:30,14:12:30,76398,1,0,1,0,0,0,0,1,2
Whole Day 2 - Mon 27th Apr.mov,2560,0:42:40,14:12:40,76697,0,0,1,0,0,0,0,1,1
Whole Day 2 - Mon 27th Apr.mov,2570,0:42:50,14:12:50,76997,0,0,1,0,0,0,0,1,1
Whole Day 2 - Mon 27th Apr.mov,2580,0:43:00,14:13:00,77296,2,0,3,0,0,0,0,3,5
Whole Day 2 - Mon 27th Apr.mov,2590,0:43:10,14:13:10,77596,0,0,0,0,0,0,0,0,0
Whole Day 2 - Mon 27th Apr.mov,2600,0:43:20,14:13:20,77896,1,0,2,0,0,0,1,2,3
Whole Day 2 - Mon 27th Apr.mov,2610,0:43:30,14:13:30,78195,1,0,4,0,0,2,1,6,7
Whole Day 2 - Mon 27th Apr.mov,2620,0:43:40,14:13:40,78495,1,0,4,0,0,0,1,4,5
Whole Day 2 - Mon 27th Apr.mov,2630,0:43:50,14:13:50,78794,1,0,6,0,0,0,0,6,7
Whole Day 2 - Mon 27th Apr.mov,2640,0:44:00,14:14:00,79094,2,0,8,0,0,2,1,10,12
Whole Day 2 - Mon 27th Apr.mov,2650,0:44:10,14:14:10,79394,0,0,5,0,0,0,0,5,5
Whole Day 2 - Mon 27th Apr.mov,2660,0:44:20,14:14:20,79693,0,0,6,0,0,0,1,6,6
Whole Day 2 - Mon 27th Apr.mov,2670,0:44:30,14:14:30,79993,0,0,4,0,0,1,0,5,5
Whole Day 2 - Mon 27th Apr.mov,2680,0:44:40,14:14:40,80292,0,0,4,0,0,0,1,4,4
Whole Day 2 - Mon 27th Apr.mov,2690,0:44:50,14:14:50,80592,0,0,6,0,0,0,0,6,6
Whole Day 2 - Mon 27th Apr.mov,2700,0:45:00,14:15:00,80892,0,0,5,0,0,0,0,5,5
Whole Day 2 - Mon 27th Apr.mov,2710,0:45:10,14:15:10,81191,0,0,2,0,0,1,0,3,3
Whole Day 2 - Mon 27th Apr.mov,2720,0:45:20,14:15:20,81491,1,0,1,0,0,0,0,1,2
Whole Day 2 - Mon 27th Apr.mov,2730,0:45:30,14:15:30,81790,1,0,3,0,0,0,0,3,4
Whole Day 2 - Mon 27th Apr.mov,2740,0:45:40,14:15:40,82090,1,0,0,0,0,0,0,0,1
Whole Day 2 - Mon 27th Apr.mov,2750,0:45:50,14:15:50,82390,1,0,3,0,0,0,0,3,4
Whole Day 2 - Mon 27th Apr.mov,2760,0:46:00,14:16:00,82689,1,0,6,0,0,0,0,6,7
Whole Day 2 - Mon 27th Apr.mov,2770,0:46:10,14:16:10,82989,0,0,4,0,1,0,0,5,5
Whole Day 2 - Mon 27th Apr.mov,2780,0:46:20,14:16:20,83288,0,0,8,0,0,2,0,10,10
Whole Day 2 - Mon 27th Apr.mov,2790,0:46:30,14:16:30,83588,0,0,9,0,1,0,0,10,10
Whole Day 2 - Mon 27th Apr.mov,2800,0:46:40,14:16:40,83888,0,0,6,0,0,1,0,7,7
Whole Day 2 - Mon 27th Apr.mov,2810,0:46:50,14:16:50,84187,0,0,6,0,0,0,0,6,6
Whole Day 2 - Mon 27th Apr.mov,2820,0:47:00,14:17:00,84487,0,0,5,0,0,0,0,5,5
Whole Day 2 - Mon 27th Apr.mov,2830,0:47:10,14:17:10,84786,0,0,1,0,0,0,0,1,1
Whole Day 2 - Mon 27th Apr.mov,2840,0:47:20,14:17:20,85086,1,0,3,0,0,0,0,3,4
Whole Day 2 - Mon 27th Apr.mov,2850,0:47:30,14:17:30,85386,0,0,5,0,0,0,0,5,5
Whole Day 2 - Mon 27th Apr.mov,2860,0:47:40,14:17:40,85685,0,0,2,0,0,0,0,2,2
Whole Day 2 - Mon 27th Apr.mov,2870,0:47:50,14:17:50,85985,0,0,3,0,0,0,0,3,3
Whole Day 2 - Mon 27th Apr.mov,2880,0:48:00,14:18:00,86284,1,0,6,0,0,0,0,6,7
Whole Day 2 - Mon 27th Apr.mov,2890,0:48:10,14:18:10,86584,0,0,6,0,0,0,0,6,6
Whole Day 2 - Mon 27th Apr.mov,2900,0:48:20,14:18:20,86884,1,0,9,0,0,0,0,9,10
Whole Day 2 - Mon 27th Apr.mov,2910,0:48:30,14:18:30,87183,0,0,4,0,0,0,0,4,4
Whole Day 2 - Mon 27th Apr.mov,2920,0:48:40,14:18:40,87483,0,0,5,0,0,0,0,5,5
Whole Day 2 - Mon 27th Apr.mov,2930,0:48:50,14:18:50,87782,1,0,4,0,0,0,0,4,5
Whole Day 2 - Mon 27th Apr.mov,2940,0:49:00,14:19:00,88082,1,0,1,0,0,0,0,1,2
Whole Day 2 - Mon 27th Apr.mov,2950,0:49:10,14:19:10,88382,2,0,1,0,0,0,0,1,3
Whole Day 2 - Mon 27th Apr.mov,2960,0:49:20,14:19:20,88681,2,0,0,0,0,0,0,0,2
Whole Day 2 - Mon 27th Apr.mov,2970,0:49:30,14:19:30,88981,3,0,1,0,0,0,0,1,4
Whole Day 2 - Mon 27th Apr.mov,2980,0:49:40,14:19:40,89280,3,0,0,0,0,0,0,0,3
Whole Day 2 - Mon 27th Apr.mov,2990,0:49:50,14:19:50,89580,0,0,2,0,0,0,0,2,2
Whole Day 2 - Mon 27th Apr.mov,3000,0:50:00,14:20:00,89880,1,0,6,0,0,0,0,6,7
Whole Day 2 - Mon 27th Apr.mov,3010,0:50:10,14:20:10,90179,0,0,4,0,0,0,0,4,4
Whole Day 2 - Mon 27th Apr.mov,3020,0:50:20,14:20:20,90479,2,0,7,0,0,0,0,7,9
Whole Day 2 - Mon 27th Apr.mov,3030,0:50:30,14:20:30,90778,2,0,1,0,1,0,0,2,4
Whole Day 2 - Mon 27th Apr.mov,3040,0:50:40,14:20:40,91078,0,0,2,0,0,0,0,2,2
Whole Day 2 - Mon 27th Apr.mov,3050,0:50:50,14:20:50,91378,1,0,8,0,0,0,0,8,9
Whole Day 2 - Mon 27th Apr.mov,3060,0:51:00,14:21:00,91677,0,0,3,0,0,0,0,3,3
Whole Day 2 - Mon 27th Apr.mov,3070,0:51:10,14:21:10,91977,1,1,8,1,0,0,0,9,11
Whole Day 2 - Mon 27th Apr.mov,3080,0:51:20,14:21:20,92276,0,0,1,0,0,0,0,1,1
Whole Day 2 - Mon 27th Apr.mov,3090,0:51:30,14:21:30,92576,1,0,1,0,0,0,0,1,2
Whole Day 2 - Mon 27th Apr.mov,3100,0:51:40,14:21:40,92876,0,0,1,0,0,0,0,1,1
Whole Day 2 - Mon 27th Apr.mov,3110,0:51:50,14:21:50,93175,7,0,3,0,0,0,0,3,10
Whole Day 2 - Mon 27th Apr.mov,3120,0:52:00,14:22:00,93475,0,0,2,0,0,0,0,2,2
Whole Day 2 - Mon 27th Apr.mov,3130,0:52:10,14:22:10,93774,1,0,4,0,0,0,0,4,5
Whole Day 2 - Mon 27th Apr.mov,3140,0:52:20,14:22:20,94074,1,0,2,0,0,0,0,2,3
Whole Day 2 - Mon 27th Apr.mov,3150,0:52:30,14:22:30,94374,0,0,7,0,0,0,0,7,7
Whole Day 2 - Mon 27th Apr.mov,3160,0:52:40,14:22:40,94673,1,0,7,0,0,0,0,7,8
Whole Day 2 - Mon 27th Apr.mov,3170,0:52:50,14:22:50,94973,2,0,5,0,0,1,0,6,8
Whole Day 2 - Mon 27th Apr.mov,3180,0:53:00,14:23:00,95272,3,0,6,0,0,0,0,6,9
Whole Day 2 - Mon 27th Apr.mov,3190,0:53:10,14:23:10,95572,1,0,3,0,0,0,0,3,4
Whole Day 2 - Mon 27th Apr.mov,3200,0:53:20,14:23:20,95872,0,0,1,0,0,0,0,1,1
Whole Day 2 - Mon 27th Apr.mov,3210,0:53:30,14:23:30,96171,1,0,0,0,0,0,0,0,1
Whole Day 2 - Mon 27th Apr.mov,3220,0:53:40,14:23:40,96471,2,0,4,0,0,1,0,5,7
Whole Day 2 - Mon 27th Apr.mov,3230,0:53:50,14:23:50,96770,2,0,2,0,0,0,0,2,4
Whole Day 2 - Mon 27th Apr.mov,3240,0:54:00,14:24:00,97070,1,0,0,0,0,0,0,0,1
Whole Day 2 - Mon 27th Apr.mov,3250,0:54:10,14:24:10,97370,1,0,1,0,0,0,0,1,2
Whole Day 2 - Mon 27th Apr.mov,3260,0:54:20,14:24:20,97669,0,0,8,0,0,0,0,8,8
Whole Day 2 - Mon 27th Apr.mov,3270,0:54:30,14:24:30,97969,2,0,8,0,0,0,0,8,10
Whole Day 2 - Mon 27th Apr.mov,3280,0:54:40,14:24:40,98268,0,0,4,0,0,0,0,4,4
Whole Day 2 - Mon 27th Apr.mov,3290,0:54:50,14:24:50,98568,1,0,7,0,0,0,0,7,8
Whole Day 2 - Mon 27th Apr.mov,3300,0:55:00,14:25:00,98868,1,0,4,0,0,1,0,5,6
Whole Day 2 - Mon 27th Apr.mov,3310,0:55:10,14:25:10,99167,0,0,8,0,0,0,0,8,8
Whole Day 2 - Mon 27th Apr.mov,3320,0:55:20,14:25:20,99467,0,0,5,0,0,0,0,5,5
Whole Day 2 - Mon 27th Apr.mov,3330,0:55:30,14:25:30,99766,1,0,2,0,0,0,0,2,3
Whole Day 2 - Mon 27th Apr.mov,3340,0:55:40,14:25:40,100066,0,0,2,0,0,0,0,2,2
Whole Day 2 - Mon 27th Apr.mov,3350,0:55:50,14:25:50,100366,1,0,1,0,0,0,0,1,2
Whole Day 2 - Mon 27th Apr.mov,3360,0:56:00,14:26:00,100665,0,0,8,0,0,0,0,8,8
Whole Day 2 - Mon 27th Apr.mov,3370,0:56:10,14:26:10,100965,0,0,3,0,0,0,0,3,3
Whole Day 2 - Mon 27th Apr.mov,3380,0:56:20,14:26:20,101264,0,0,5,0,0,0,0,5,5
Whole Day 2 - Mon 27th Apr.mov,3390,0:56:30,14:26:30,101564,0,0,11,0,0,0,1,11,11
Whole Day 2 - Mon 27th Apr.mov,3400,0:56:40,14:26:40,101864,1,0,6,0,0,0,1,6,7
Whole Day 2 - Mon 27th Apr.mov,3410,0:56:50,14:26:50,102163,0,0,3,0,0,0,0,3,3
Whole Day 2 - Mon 27th Apr.mov,3420,0:57:00,14:27:00,102463,0,0,1,0,0,0,0,1,1
Whole Day 2 - Mon 27th Apr.mov,3430,0:57:10,14:27:10,102762,0,0,2,0,0,0,1,2,2
Whole Day 2 - Mon 27th Apr.mov,3440,0:57:20,14:27:20,103062,0,0,3,0,0,0,1,3,3
Whole Day 2 - Mon 27th Apr.mov,3450,0:57:30,14:27:30,103362,0,0,1,0,0,0,1,1,1
Whole Day 2 - Mon 27th Apr.mov,3460,0:57:40,14:27:40,103661,0,0,5,0,0,0,1,5,5
Whole Day 2 - Mon 27th Apr.mov,3470,0:57:50,14:27:50,103961,0,0,0,0,0,0,0,0,0
Whole Day 2 - Mon 27th Apr.mov,3480,0:58:00,14:28:00,104260,1,0,5,0,0,0,0,5,6
Whole Day 2 - Mon 27th Apr.mov,3490,0:58:10,14:28:10,104560,0,0,7,0,0,0,0,7,7
Whole Day 2 - Mon 27th Apr.mov,3500,0:58:20,14:28:20,104860,0,0,4,0,0,0,0,4,4
Whole Day 2 - Mon 27th Apr.mov,3510,0:58:30,14:28:30,105159,0,0,8,0,0,0,0,8,8
Whole Day 2 - Mon 27th Apr.mov,3520,0:58:40,14:28:40,105459,1,0,5,0,0,0,0,5,6
Whole Day 2 - Mon 27th Apr.mov,3530,0:58:50,14:28:50,105758,1,0,6,0,0,0,0,6,7
Whole Day 2 - Mon 27th Apr.mov,3540,0:59:00,14:29:00,106058,1,0,3,0,0,0,0,3,4
Whole Day 2 - Mon 27th Apr.mov,3550,0:59:10,14:29:10,106358,1,0,1,0,0,0,0,1,2
Whole Day 2 - Mon 27th Apr.mov,3560,0:59:20,14:29:20,106657,1,0,2,0,0,0,0,2,3
Whole Day 2 - Mon 27th Apr.mov,3570,0:59:30,14:29:30,106957,1,0,2,0,0,0,0,2,3
Whole Day 2 - Mon 27th Apr.mov,3580,0:59:40,14:29:40,107256,1,0,1,0,0,0,0,1,2
Whole Day 2 - Mon 27th Apr.mov,3590,0:59:50,14:29:50,107556,0,0,6,0,0,0,0,6,6
Whole Day 2 - Mon 27th Apr.mov,3600,1:00:00,14:30:00,107856,0,0,4,0,0,0,0,4,4
Whole Day 2 - Mon 27th Apr.mov,3610,1:00:10,14:30:10,108155,0,0,5,0,0,0,0,5,5
Whole Day 2 - Mon 27th Apr.mov,3620,1:00:20,14:30:20,108455,0,0,7,0,0,0,0,7,7
Whole Day 2 - Mon 27th Apr.mov,3630,1:00:30,14:30:30,108754,2,0,5,0,0,0,0,5,7
Whole Day 2 - Mon 27th Apr.mov,3640,1:00:40,14:30:40,109054,0,0,3,0,0,1,0,4,4
Whole Day 2 - Mon 27th Apr.mov,3650,1:00:50,14:30:50,109354,1,0,3,0,0,0,0,3,4
Whole Day 2 - Mon 27th Apr.mov,3660,1:01:00,14:31:00,109653,0,0,5,0,0,0,0,5,5
Whole Day 2 - Mon 27th Apr.mov,3670,1:01:10,14:31:10,109953,1,0,5,0,0,0,0,5,6
Whole Day 2 - Mon 27th Apr.mov,3680,1:01:20,14:31:20,110252,1,0,5,0,0,0,0,5,6
Whole Day 2 - Mon 27th Apr.mov,3690,1:01:30,14:31:30,110552,2,0,3,0,0,0,0,3,5
Whole Day 2 - Mon 27th Apr.mov,3700,1:01:40,14:31:40,110852,2,0,1,0,0,0,0,1,3
Whole Day 2 - Mon 27th Apr.mov,3710,1:01:50,14:31:50,111151,1,0,2,0,0,0,0,2,3
Whole Day 2 - Mon 27th Apr.mov,3720,1:02:00,14:32:00,111451,1,0,1,0,0,0,0,1,2
Whole Day 2 - Mon 27th Apr.mov,3730,1:02:10,14:32:10,111750,0,0,6,0,0,0,0,6,6
Whole Day 2 - Mon 27th Apr.mov,3740,1:02:20,14:32:20,112050,0,0,4,0,1,1,0,6,6
Whole Day 2 - Mon 27th Apr.mov,3750,1:02:30,14:32:30,112350,2,0,1,0,0,0,0,1,3
Whole Day 2 - Mon 27th Apr.mov,3760,1:02:40,14:32:40,112649,0,0,2,0,0,0,0,2,2
Whole Day 2 - Mon 27th Apr.mov,3770,1:02:50,14:32:50,112949,2,0,7,0,0,1,0,8,10
Whole Day 2 - Mon 27th Apr.mov,3780,1:03:00,14:33:00,113249,0,0,3,0,0,0,0,3,3
Whole Day 2 - Mon 27th Apr.mov,3790,1:03:10,14:33:10,113548,0,0,4,0,0,0,0,4,4
Whole Day 2 - Mon 27th Apr.mov,3800,1:03:20,14:33:20,113848,0,0,7,0,0,0,0,7,7
Whole Day 2 - Mon 27th Apr.mov,3810,1:03:30,14:33:30,114147,0,0,11,0,0,0,2,11,11
Whole Day 2 - Mon 27th Apr.mov,3820,1:03:40,14:33:40,114447,1,0,7,0,0,1,0,8,9
Whole Day 2 - Mon 27th Apr.mov,3830,1:03:50,14:33:50,114747,1,0,3,0,0,0,0,3,4
Whole Day 2 - Mon 27th Apr.mov,3840,1:04:00,14:34:00,115046,2,0,1,0,0,0,0,1,3
Whole Day 2 - Mon 27th Apr.mov,3850,1:04:10,14:34:10,115346,0,0,2,0,0,0,0,2,2
Whole Day 2 - Mon 27th Apr.mov,3860,1:04:20,14:34:20,115645,1,0,3,0,0,0,0,3,4
Whole Day 2 - Mon 27th Apr.mov,3870,1:04:30,14:34:30,115945,0,0,6,0,0,0,0,6,6
Whole Day 2 - Mon 27th Apr.mov,3880,1:04:40,14:34:40,116245,1,0,7,0,0,1,0,8,9
Whole Day 2 - Mon 27th Apr.mov,3890,1:04:50,14:34:50,116544,3,0,4,0,0,0,1,4,7
Whole Day 2 - Mon 27th Apr.mov,3900,1:05:00,14:35:00,116844,0,0,3,0,0,1,1,4,4
Whole Day 2 - Mon 27th Apr.mov,3910,1:05:10,14:35:10,117143,1,0,6,0,0,0,0,6,7
Whole Day 2 - Mon 27th Apr.mov,3920,1:05:20,14:35:20,117443,1,0,4,0,0,0,0,4,5
Whole Day 2 - Mon 27th Apr.mov,3930,1:05:30,14:35:30,117743,1,0,6,0,0,1,0,7,8
Whole Day 2 - Mon 27th Apr.mov,3940,1:05:40,14:35:40,118042,1,0,2,0,0,1,0,3,4
Whole Day 2 - Mon 27th Apr.mov,3950,1:05:50,14:35:50,118342,1,0,2,0,0,1,0,3,4
Whole Day 2 - Mon 27th Apr.mov,3960,1:06:00,14:36:00,118641,2,0,5,0,0,0,0,5,7
Whole Day 2 - Mon 27th Apr.mov,3970,1:06:10,14:36:10,118941,3,1,4,0,0,0,0,4,8
Whole Day 2 - Mon 27th Apr.mov,3980,1:06:20,14:36:20,119241,0,0,1,0,0,0,0,1,1
Whole Day 2 - Mon 27th Apr.mov,3990,1:06:30,14:36:30,119540,0,0,3,0,0,0,0,3,3
Whole Day 2 - Mon 27th Apr.mov,4000,1:06:40,14:36:40,119840,0,0,2,0,0,0,0,2,2
Whole Day 2 - Mon 27th Apr.mov,4010,1:06:50,14:36:50,120139,1,0,5,0,0,0,0,5,6
Whole Day 2 - Mon 27th Apr.mov,4020,1:07:00,14:37:00,120439,0,0,5,0,0,0,1,5,5
Whole Day 2 - Mon 27th Apr.mov,4030,1:07:10,14:37:10,120739,0,0,3,0,0,0,0,3,3
Whole Day 2 - Mon 27th Apr.mov,4040,1:07:20,14:37:20,121038,1,0,6,0,0,0,1,6,7
Whole Day 2 - Mon 27th Apr.mov,4050,1:07:30,14:37:30,121338,0,0,5,0,0,0,0,5,5
Whole Day 2 - Mon 27th Apr.mov,4060,1:07:40,14:37:40,121637,0,0,4,0,0,0,0,4,4
Whole Day 2 - Mon 27th Apr.mov,4070,1:07:50,14:37:50,121937,0,0,5,0,0,0,0,5,5
Whole Day 2 - Mon 27th Apr.mov,4080,1:08:00,14:38:00,122237,0,0,3,0,0,0,1,3,3
Whole Day 2 - Mon 27th Apr.mov,4090,1:08:10,14:38:10,122536,2,0,2,0,0,0,0,2,4
Whole Day 2 - Mon 27th Apr.mov,4100,1:08:20,14:38:20,122836,3,0,5,0,0,0,0,5,8
Whole Day 2 - Mon 27th Apr.mov,4110,1:08:30,14:38:30,123135,1,0,2,0,0,0,1,2,3
Whole Day 2 - Mon 27th Apr.mov,4120,1:08:40,14:38:40,123435,0,0,2,0,0,0,0,2,2
Whole Day 2 - Mon 27th Apr.mov,4130,1:08:50,14:38:50,123735,0,0,0,0,0,0,0,0,0
Whole Day 2 - Mon 27th Apr.mov,4140,1:09:00,14:39:00,124034,2,0,2,0,0,0,0,2,4
Whole Day 2 - Mon 27th Apr.mov,4150,1:09:10,14:39:10,124334,1,0,2,0,0,0,0,2,3
Whole Day 2 - Mon 27th Apr.mov,4160,1:09:20,14:39:20,124633,1,0,4,0,0,0,0,4,5
Whole Day 2 - Mon 27th Apr.mov,4170,1:09:30,14:39:30,124933,1,0,3,0,0,0,0,3,4
Whole Day 2 - Mon 27th Apr.mov,4180,1:09:40,14:39:40,125233,0,0,4,0,0,1,0,5,5
Whole Day 2 - Mon 27th Apr.mov,4190,1:09:50,14:39:50,125532,0,0,6,0,1,0,0,7,7
Whole Day 2 - Mon 27th Apr.mov,4200,1:10:00,14:40:00,125832,1,0,5,0,1,0,0,6,7
Whole Day 2 - Mon 27th Apr.mov,4210,1:10:10,14:40:10,126131,1,0,3,0,0,1,0,4,5
Whole Day 2 - Mon 27th Apr.mov,4220,1:10:20,14:40:20,126431,2,0,5,0,0,0,0,5,7
Whole Day 2 - Mon 27th Apr.mov,4230,1:10:30,14:40:30,126731,1,0,6,0,0,0,0,6,7
Whole Day 2 - Mon 27th Apr.mov,4240,1:10:40,14:40:40,127030,2,0,6,0,0,0,0,6,8
Whole Day 2 - Mon 27th Apr.mov,4250,1:10:50,14:40:50,127330,0,0,4,0,0,1,1,5,5
Whole Day 2 - Mon 27th Apr.mov,4260,1:11:00,14:41:00,127629,0,0,4,0,0,0,1,4,4
Whole Day 2 - Mon 27th Apr.mov,4270,1:11:10,14:41:10,127929,1,0,2,0,0,0,0,2,3
Whole Day 2 - Mon 27th Apr.mov,4280,1:11:20,14:41:20,128229,0,0,5,0,0,0,0,5,5
Whole Day 2 - Mon 27th Apr.mov,4290,1:11:30,14:41:30,128528,0,0,4,0,0,1,0,5,5
Whole Day 2 - Mon 27th Apr.mov,4300,1:11:40,14:41:40,128828,0,0,4,0,0,0,0,4,4
Whole Day 2 - Mon 27th Apr.mov,4310,1:11:50,14:41:50,129127,0,0,5,0,0,1,0,6,6
Whole Day 2 - Mon 27th Apr.mov,4320,1:12:00,14:42:00,129427,1,0,7,0,0,0,1,7,8
Whole Day 2 - Mon 27th Apr.mov,4330,1:12:10,14:42:10,129727,0,0,6,0,0,0,0,6,6
Whole Day 2 - Mon 27th Apr.mov,4340,1:12:20,14:42:20,130026,1,0,7,0,0,0,0,7,8
Whole Day 2 - Mon 27th Apr.mov,4350,1:12:30,14:42:30,130326,0,0,3,0,0,1,1,4,4
Whole Day 2 - Mon 27th Apr.mov,4360,1:12:40,14:42:40,130625,0,0,5,0,0,0,0,5,5
Whole Day 2 - Mon 27th Apr.mov,4370,1:12:50,14:42:50,130925,1,0,5,0,0,0,0,5,6
Whole Day 2 - Mon 27th Apr.mov,4380,1:13:00,14:43:00,131225,2,0,0,0,0,1,0,1,3
Whole Day 2 - Mon 27th Apr.mov,4390,1:13:10,14:43:10,131524,1,0,0,0,0,0,0,0,1
Whole Day 2 - Mon 27th Apr.mov,4400,1:13:20,14:43:20,131824,0,0,2,0,0,0,0,2,2
Whole Day 2 - Mon 27th Apr.mov,4410,1:13:30,14:43:30,132123,3,0,2,0,0,0,0,2,5
Whole Day 2 - Mon 27th Apr.mov,4420,1:13:40,14:43:40,132423,0,0,3,0,0,0,0,3,3
Whole Day 2 - Mon 27th Apr.mov,4430,1:13:50,14:43:50,132723,1,0,2,0,0,0,0,2,3
Whole Day 2 - Mon 27th Apr.mov,4440,1:14:00,14:44:00,133022,0,0,5,0,0,0,0,5,5
Whole Day 2 - Mon 27th Apr.mov,4450,1:14:10,14:44:10,133322,1,0,4,0,1,1,0,6,7
Whole Day 2 - Mon 27th Apr.mov,4460,1:14:20,14:44:20,133621,1,0,2,0,0,1,0,3,4
Whole Day 2 - Mon 27th Apr.mov,4470,1:14:30,14:44:30,133921,1,0,0,0,0,0,0,0,1
Whole Day 2 - Mon 27th Apr.mov,4480,1:14:40,14:44:40,134221,1,0,3,0,0,0,0,3,4
Whole Day 2 - Mon 27th Apr.mov,4490,1:14:50,14:44:50,134520,1,0,5,0,0,0,0,5,6
Whole Day 2 - Mon 27th Apr.mov,4500,1:15:00,14:45:00,134820,1,0,8,0,0,0,0,8,9
Whole Day 2 - Mon 27th Apr.mov,4510,1:15:10,14:45:10,135119,0,0,3,0,0,0,0,3,3
Whole Day 2 - Mon 27th Apr.mov,4520,1:15:20,14:45:20,135419,1,0,2,0,0,0,0,2,3
Whole Day 2 - Mon 27th Apr.mov,4530,1:15:30,14:45:30,135719,0,0,3,0,0,0,0,3,3
Whole Day 2 - Mon 27th Apr.mov,4540,1:15:40,14:45:40,136018,0,0,4,0,0,0,0,4,4
Whole Day 2 - Mon 27th Apr.mov,4550,1:15:50,14:45:50,136318,1,0,3,0,0,0,0,3,4
Whole Day 2 - Mon 27th Apr.mov,4560,1:16:00,14:46:00,136617,2,0,5,0,0,0,0,5,7
Whole Day 2 - Mon 27th Apr.mov,4570,1:16:10,14:46:10,136917,0,0,8,0,0,0,0,8,8
Whole Day 2 - Mon 27th Apr.mov,4580,1:16:20,14:46:20,137217,1,0,2,0,0,0,0,2,3
Whole Day 2 - Mon 27th Apr.mov,4590,1:16:30,14:46:30,137516,0,0,4,0,0,0,0,4,4
Whole Day 2 - Mon 27th Apr.mov,4600,1:16:40,14:46:40,137816,1,0,1,0,0,0,0,1,2
Whole Day 2 - Mon 27th Apr.mov,4610,1:16:50,14:46:50,138115,0,0,2,0,0,0,0,2,2
Whole Day 2 - Mon 27th Apr.mov,4620,1:17:00,14:47:00,138415,0,0,3,0,1,0,0,4,4
Whole Day 2 - Mon 27th Apr.mov,4630,1:17:10,14:47:10,138715,0,0,3,0,0,0,0,3,3
Whole Day 2 - Mon 27th Apr.mov,4640,1:17:20,14:47:20,139014,0,0,4,0,0,0,0,4,4
Whole Day 2 - Mon 27th Apr.mov,4650,1:17:30,14:47:30,139314,1,0,7,0,0,0,0,7,8
Whole Day 2 - Mon 27th Apr.mov,4660,1:17:40,14:47:40,139613,0,0,5,0,0,0,0,5,5
Whole Day 2 - Mon 27th Apr.mov,4670,1:17:50,14:47:50,139913,3,0,8,0,0,0,0,8,11
Whole Day 2 - Mon 27th Apr.mov,4680,1:18:00,14:48:00,140213,1,0,2,0,0,0,0,2,3
Whole Day 2 - Mon 27th Apr.mov,4690,1:18:10,14:48:10,140512,0,0,1,0,1,0,0,2,2
Whole Day 2 - Mon 27th Apr.mov,4700,1:18:20,14:48:20,140812,1,0,4,0,0,0,0,4,5
Whole Day 2 - Mon 27th Apr.mov,4710,1:18:30,14:48:30,141111,1,0,8,0,0,0,0,8,9
Whole Day 2 - Mon 27th Apr.mov,4720,1:18:40,14:48:40,141411,1,0,7,0,0,0,0,7,8
Whole Day 2 - Mon 27th Apr.mov,4730,1:18:50,14:48:50,141711,2,0,2,0,0,0,0,2,4
Whole Day 2 - Mon 27th Apr.mov,4740,1:19:00,14:49:00,142010,0,0,3,0,0,0,1,3,3
Whole Day 2 - Mon 27th Apr.mov,4750,1:19:10,14:49:10,142310,0,0,4,0,0,0,0,4,4
Whole Day 2 - Mon 27th Apr.mov,4760,1:19:20,14:49:20,142609,0,0,5,0,0,1,0,6,6
Whole Day 2 - Mon 27th Apr.mov,4770,1:19:30,14:49:30,142909,0,0,5,0,0,1,0,6,6
Whole Day 2 - Mon 27th Apr.mov,4780,1:19:40,14:49:40,143209,0,0,2,0,0,0,0,2,2
Whole Day 2 - Mon 27th Apr.mov,4790,1:19:50,14:49:50,143508,0,0,4,0,0,0,0,4,4
Whole Day 2 - Mon 27th Apr.mov,4800,1:20:00,14:50:00,143808,0,0,6,0,0,0,0,6,6
Whole Day 2 - Mon 27th Apr.mov,4810,1:20:10,14:50:10,144107,1,0,8,0,0,2,0,10,11
Whole Day 2 - Mon 27th Apr.mov,4820,1:20:20,14:50:20,144407,0,0,5,0,0,1,0,6,6
Whole Day 2 - Mon 27th Apr.mov,4830,1:20:30,14:50:30,144707,0,0,2,0,0,1,0,3,3
Whole Day 2 - Mon 27th Apr.mov,4840,1:20:40,14:50:40,145006,0,0,10,0,0,0,0,10,10
Whole Day 2 - Mon 27th Apr.mov,4850,1:20:50,14:50:50,145306,6,0,5,0,0,0,0,5,11
Whole Day 2 - Mon 27th Apr.mov,4860,1:21:00,14:51:00,145605,0,0,9,0,0,0,0,9,9
Whole Day 2 - Mon 27th Apr.mov,4870,1:21:10,14:51:10,145905,2,0,7,0,0,0,0,7,9
Whole Day 2 - Mon 27th Apr.mov,4880,1:21:20,14:51:20,146205,1,0,2,0,0,0,0,2,3
Whole Day 2 - Mon 27th Apr.mov,4890,1:21:30,14:51:30,146504,0,0,4,0,0,0,0,4,4
Whole Day 2 - Mon 27th Apr.mov,4900,1:21:40,14:51:40,146804,0,0,5,0,0,0,0,5,5
Whole Day 2 - Mon 27th Apr.mov,4910,1:21:50,14:51:50,147103,1,0,3,0,0,0,0,3,4
Whole Day 2 - Mon 27th Apr.mov,4920,1:22:00,14:52:00,147403,1,0,2,0,0,0,0,2,3
Whole Day 2 - Mon 27th Apr.mov,4930,1:22:10,14:52:10,147703,0,0,6,0,0,0,1,6,6
Whole Day 2 - Mon 27th Apr.mov,4940,1:22:20,14:52:20,148002,0,0,6,0,0,0,0,6,6
Whole Day 2 - Mon 27th Apr.mov,4950,1:22:30,14:52:30,148302,2,0,2,0,0,0,0,2,4
Whole Day 2 - Mon 27th Apr.mov,4960,1:22:40,14:52:40,148601,0,0,2,0,0,0,0,2,2
Whole Day 2 - Mon 27th Apr.mov,4970,1:22:50,14:52:50,148901,1,0,4,0,0,0,1,4,5
Whole Day 2 - Mon 27th Apr.mov,4980,1:23:00,14:53:00,149201,0,0,4,0,0,0,0,4,4
Whole Day 2 - Mon 27th Apr.mov,4990,1:23:10,14:53:10,149500,2,0,1,0,0,0,0,1,3
Whole Day 2 - Mon 27th Apr.mov,5000,1:23:20,14:53:20,149800,0,0,2,0,0,0,0,2,2
Whole Day 2 - Mon 27th Apr.mov,5010,1:23:30,14:53:30,150099,0,0,1,0,0,0,0,1,1
Whole Day 2 - Mon 27th Apr.mov,5020,1:23:40,14:53:40,150399,2,0,1,0,0,0,0,1,3
Whole Day 2 - Mon 27th Apr.mov,5030,1:23:50,14:53:50,150699,3,0,4,0,0,0,1,4,7
Whole Day 2 - Mon 27th Apr.mov,5040,1:24:00,14:54:00,150998,2,0,1,0,0,0,1,1,3
Whole Day 2 - Mon 27th Apr.mov,5050,1:24:10,14:54:10,151298,0,0,5,0,0,0,0,5,5
Whole Day 2 - Mon 27th Apr.mov,5060,1:24:20,14:54:20,151597,0,0,10,0,0,0,0,10,10
Whole Day 2 - Mon 27th Apr.mov,5070,1:24:30,14:54:30,151897,0,0,4,0,0,0,0,4,4
Whole Day 2 - Mon 27th Apr.mov,5080,1:24:40,14:54:40,152197,1,0,4,0,0,0,0,4,5
Whole Day 2 - Mon 27th Apr.mov,5090,1:24:50,14:54:50,152496,1,0,2,0,0,0,0,2,3
Whole Day 2 - Mon 27th Apr.mov,5100,1:25:00,14:55:00,152796,0,0,2,0,0,0,0,2,2
Whole Day 2 - Mon 27th Apr.mov,5110,1:25:10,14:55:10,153095,1,0,4,0,0,0,0,4,5
Whole Day 2 - Mon 27th Apr.mov,5120,1:25:20,14:55:20,153395,0,0,1,0,0,0,0,1,1
Whole Day 2 - Mon 27th Apr.mov,5130,1:25:30,14:55:30,153695,0,0,1,0,0,0,0,1,1
Whole Day 2 - Mon 27th Apr.mov,5140,1:25:40,14:55:40,153994,0,0,1,0,0,0,0,1,1
Whole Day 2 - Mon 27th Apr.mov,5150,1:25:50,14:55:50,154294,0,0,2,0,0,0,0,2,2
Whole Day 2 - Mon 27th Apr.mov,5160,1:26:00,14:56:00,154593,1,0,2,0,0,1,0,3,4
Whole Day 2 - Mon 27th Apr.mov,5170,1:26:10,14:56:10,154893,0,0,3,0,0,1,0,4,4
Whole Day 2 - Mon 27th Apr.mov,5180,1:26:20,14:56:20,155193,0,0,8,0,0,1,0,9,9
Whole Day 2 - Mon 27th Apr.mov,5190,1:26:30,14:56:30,155492,0,0,5,0,0,0,0,5,5
Whole Day 2 - Mon 27th Apr.mov,5200,1:26:40,14:56:40,155792,1,0,5,0,1,1,0,7,8
Whole Day 2 - Mon 27th Apr.mov,5210,1:26:50,14:56:50,156091,1,0,2,0,0,0,0,2,3
Whole Day 2 - Mon 27th Apr.mov,5220,1:27:00,14:57:00,156391,0,0,3,0,0,0,0,3,3
Whole Day 2 - Mon 27th Apr.mov,5230,1:27:10,14:57:10,156691,0,0,5,0,0,0,0,5,5
Whole Day 2 - Mon 27th Apr.mov,5240,1:27:20,14:57:20,156990,0,0,5,0,0,0,1,5,5
Whole Day 2 - Mon 27th Apr.mov,5250,1:27:30,14:57:30,157290,0,0,4,0,0,0,0,4,4
Whole Day 2 - Mon 27th Apr.mov,5260,1:27:40,14:57:40,157589,0,0,3,0,0,0,0,3,3
Whole Day 2 - Mon 27th Apr.mov,5270,1:27:50,14:57:50,157889,1,0,1,0,0,0,0,1,2
Whole Day 2 - Mon 27th Apr.mov,5280,1:28:00,14:58:00,158189,1,0,1,0,0,0,0,1,2
Whole Day 2 - Mon 27th Apr.mov,5290,1:28:10,14:58:10,158488,1,0,2,0,0,0,0,2,3
Whole Day 2 - Mon 27th Apr.mov,5300,1:28:20,14:58:20,158788,0,0,1,0,0,0,0,1,1
Whole Day 2 - Mon 27th Apr.mov,5310,1:28:30,14:58:30,159087,0,0,6,0,0,0,0,6,6
Whole Day 2 - Mon 27th Apr.mov,5320,1:28:40,14:58:40,159387,1,0,4,0,0,0,0,4,5
Whole Day 2 - Mon 27th Apr.mov,5330,1:28:50,14:58:50,159687,1,0,6,0,1,0,0,7,8
Whole Day 2 - Mon 27th Apr.mov,5340,1:29:00,14:59:00,159986,0,0,3,0,0,0,0,3,3
Whole Day 2 - Mon 27th Apr.mov,5350,1:29:10,14:59:10,160286,1,0,5,0,0,0,0,5,6
Whole Day 2 - Mon 27th Apr.mov,5360,1:29:20,14:59:20,160585,1,0,8,0,0,0,0,8,9
Whole Day 2 - Mon 27th Apr.mov,5370,1:29:30,14:59:30,160885,0,0,4,0,0,0,0,4,4
Whole Day 2 - Mon 27th Apr.mov,5380,1:29:40,14:59:40,161185,0,0,7,0,0,0,0,7,7
Whole Day 2 - Mon 27th Apr.mov,5390,1:29:50,14:59:50,161484,1,0,5,0,0,0,0,5,6
Whole Day 2 - Mon 27th Apr.mov,5400,1:30:00,15:00:00,161784,1,0,1,0,0,0,0,1,2
Whole Day 2 - Mon 27th Apr.mov,5410,1:30:10,15:00:10,162083,0,0,1,0,0,0,0,1,1
Whole Day 2 - Mon 27th Apr.mov,5420,1:30:20,15:00:20,162383,2,0,4,0,0,0,0,4,6
Whole Day 2 - Mon 27th Apr.mov,5430,1:30:30,15:00:30,162683,2,0,2,0,0,0,0,2,4
Whole Day 2 - Mon 27th Apr.mov,5440,1:30:40,15:00:40,162982,0,0,8,0,0,0,0,8,8
Whole Day 2 - Mon 27th Apr.mov,5450,1:30:50,15:00:50,163282,1,0,3,0,0,0,0,3,4
Whole Day 2 - Mon 27th Apr.mov,5460,1:31:00,15:01:00,163581,0,0,7,0,2,0,0,9,9
Whole Day 2 - Mon 27th Apr.mov,5470,1:31:10,15:01:10,163881,0,0,5,0,0,1,0,6,6
Whole Day 2 - Mon 27th Apr.mov,5480,1:31:20,15:01:20,164181,1,0,0,0,0,1,0,1,2
Whole Day 2 - Mon 27th Apr.mov,5490,1:31:30,15:01:30,164480,1,0,0,0,0,0,0,0,1
Whole Day 2 - Mon 27th Apr.mov,5500,1:31:40,15:01:40,164780,1,0,4,0,0,0,0,4,5
Whole Day 2 - Mon 27th Apr.mov,5510,1:31:50,15:01:50,165079,3,0,6,0,0,0,0,6,9
Whole Day 2 - Mon 27th Apr.mov,5520,1:32:00,15:02:00,165379,1,0,2,0,0,0,0,2,3
Whole Day 2 - Mon 27th Apr.mov,5530,1:32:10,15:02:10,165679,0,0,2,0,0,0,0,2,2
Whole Day 2 - Mon 27th Apr.mov,5540,1:32:20,15:02:20,165978,1,0,5,0,0,0,1,5,6
Whole Day 2 - Mon 27th Apr.mov,5550,1:32:30,15:02:30,166278,0,0,6,0,0,0,1,6,6
Whole Day 2 - Mon 27th Apr.mov,5560,1:32:40,15:02:40,166577,0,0,5,0,0,0,1,5,5
Whole Day 2 - Mon 27th Apr.mov,5570,1:32:50,15:02:50,166877,0,0,2,0,0,0,1,2,2
Whole Day 2 - Mon 27th Apr.mov,5580,1:33:00,15:03:00,167177,0,0,4,0,1,1,0,6,6
Whole Day 2 - Mon 27th Apr.mov,5590,1:33:10,15:03:10,167476,1,0,5,0,0,0,1,5,6
Whole Day 2 - Mon 27th Apr.mov,5600,1:33:20,15:03:20,167776,1,0,0,0,0,0,0,0,1
Whole Day 2 - Mon 27th Apr.mov,5610,1:33:30,15:03:30,168075,1,0,4,0,0,0,1,4,5
Whole Day 2 - Mon 27th Apr.mov,5620,1:33:40,15:03:40,168375,0,0,2,0,0,0,1,2,2
Whole Day 2 - Mon 27th Apr.mov,5630,1:33:50,15:03:50,168675,0,0,3,0,0,0,1,3,3
Whole Day 2 - Mon 27th Apr.mov,5640,1:34:00,15:04:00,168974,1,0,1,0,0,0,1,1,2
Whole Day 2 - Mon 27th Apr.mov,5650,1:34:10,15:04:10,169274,2,0,4,0,0,0,0,4,6
Whole Day 2 - Mon 27th Apr.mov,5660,1:34:20,15:04:20,169573,1,0,2,0,0,0,0,2,3
Whole Day 2 - Mon 27th Apr.mov,5670,1:34:30,15:04:30,169873,0,0,2,0,0,0,1,2,2
Whole Day 2 - Mon 27th Apr.mov,5680,1:34:40,15:04:40,170173,1,0,3,0,0,0,1,3,4
Whole Day 2 - Mon 27th Apr.mov,5690,1:34:50,15:04:50,170472,1,0,6,0,0,0,1,6,7
Whole Day 2 - Mon 27th Apr.mov,5700,1:35:00,15:05:00,170772,1,0,3,0,0,1,0,4,5
Whole Day 2 - Mon 27th Apr.mov,5710,1:35:10,15:05:10,171071,1,0,6,0,0,0,1,6,7
Whole Day 2 - Mon 27th Apr.mov,5720,1:35:20,15:05:20,171371,0,0,5,0,0,1,0,6,6
Whole Day 2 - Mon 27th Apr.mov,5730,1:35:30,15:05:30,171671,1,0,7,0,0,0,0,7,8
Whole Day 2 - Mon 27th Apr.mov,5740,1:35:40,15:05:40,171970,1,0,3,0,0,0,1,3,4
Whole Day 2 - Mon 27th Apr.mov,5750,1:35:50,15:05:50,172270,0,0,7,0,0,0,0,7,7
Whole Day 2 - Mon 27th Apr.mov,5760,1:36:00,15:06:00,172569,1,0,2,0,0,0,1,2,3
Whole Day 2 - Mon 27th Apr.mov,5770,1:36:10,15:06:10,172869,0,0,2,0,0,0,1,2,2
Whole Day 2 - Mon 27th Apr.mov,5780,1:36:20,15:06:20,173169,1,0,2,0,0,0,0,2,3
Whole Day 2 - Mon 27th Apr.mov,5790,1:36:30,15:06:30,173468,1,0,5,0,0,1,0,6,7
Whole Day 2 - Mon 27th Apr.mov,5800,1:36:40,15:06:40,173768,1,0,2,0,0,1,1,3,4
Whole Day 2 - Mon 27th Apr.mov,5810,1:36:50,15:06:50,174067,0,0,1,0,1,0,1,2,2
Whole Day 2 - Mon 27th Apr.mov,5820,1:37:00,15:07:00,174367,1,0,10,0,0,0,0,10,11
Whole Day 2 - Mon 27th Apr.mov,5830,1:37:10,15:07:10,174667,0,0,5,0,0,0,1,5,5
Whole Day 2 - Mon 27th Apr.mov,5840,1:37:20,15:07:20,174966,1,0,4,0,0,0,0,4,5
Whole Day 2 - Mon 27th Apr.mov,5850,1:37:30,15:07:30,175266,1,0,3,0,0,0,0,3,4
Whole Day 2 - Mon 27th Apr.mov,5860,1:37:40,15:07:40,175565,0,0,9,0,0,1,0,10,10
Whole Day 2 - Mon 27th Apr.mov,5870,1:37:50,15:07:50,175865,0,0,7,0,0,0,0,7,7
Whole Day 2 - Mon 27th Apr.mov,5880,1:38:00,15:08:00,176165,0,0,6,0,0,0,1,6,6
Whole Day 2 - Mon 27th Apr.mov,5890,1:38:10,15:08:10,176464,1,0,3,0,1,0,0,4,5
Whole Day 2 - Mon 27th Apr.mov,5900,1:38:20,15:08:20,176764,1,0,4,0,0,0,1,4,5
Whole Day 2 - Mon 27th Apr.mov,5910,1:38:30,15:08:30,177063,1,0,1,0,0,0,1,1,2
Whole Day 2 - Mon 27th Apr.mov,5920,1:38:40,15:08:40,177363,0,0,2,0,0,0,0,2,2
Whole Day 2 - Mon 27th Apr.mov,5930,1:38:50,15:08:50,177663,1,0,5,0,0,1,1,6,7
Whole Day 2 - Mon 27th Apr.mov,5940,1:39:00,15:09:00,177962,0,0,5,0,0,0,0,5,5
Whole Day 2 - Mon 27th Apr.mov,5950,1:39:10,15:09:10,178262,0,0,3,0,0,0,1,3,3
Whole Day 2 - Mon 27th Apr.mov,5960,1:39:20,15:09:20,178561,1,0,4,0,0,0,2,4,5
Whole Day 2 - Mon 27th Apr.mov,5970,1:39:30,15:09:30,178861,0,0,4,0,0,1,0,5,5
Whole Day 2 - Mon 27th Apr.mov,5980,1:39:40,15:09:40,179161,0,0,10,0,0,0,0,10,10
Whole Day 2 - Mon 27th Apr.mov,5990,1:39:50,15:09:50,179460,1,0,4,0,0,0,0,4,5
Whole Day 2 - Mon 27th Apr.mov,6000,1:40:00,15:10:00,179760,1,0,2,0,0,0,0,2,3
Whole Day 2 - Mon 27th Apr.mov,6010,1:40:10,15:10:10,180059,0,0,6,0,0,1,0,7,7
Whole Day 2 - Mon 27th Apr.mov,6020,1:40:20,15:10:20,180359,0,0,8,0,0,0,0,8,8
Whole Day 2 - Mon 27th Apr.mov,6030,1:40:30,15:10:30,180659,0,0,4,0,0,0,0,4,4
Whole Day 2 - Mon 27th Apr.mov,6040,1:40:40,15:10:40,180958,1,0,3,0,0,0,0,3,4
Whole Day 2 - Mon 27th Apr.mov,6050,1:40:50,15:10:50,181258,1,0,1,0,0,0,0,1,2
Whole Day 2 - Mon 27th Apr.mov,6060,1:41:00,15:11:00,181557,0,0,1,0,0,0,0,1,1
Whole Day 2 - Mon 27th Apr.mov,6070,1:41:10,15:11:10,181857,1,0,3,0,0,0,0,3,4
Whole Day 2 - Mon 27th Apr.mov,6080,1:41:20,15:11:20,182157,1,0,5,0,0,0,0,5,6
Whole Day 2 - Mon 27th Apr.mov,6090,1:41:30,15:11:30,182456,0,0,3,0,0,0,0,3,3
Whole Day 2 - Mon 27th Apr.mov,6100,1:41:40,15:11:40,182756,0,0,6,0,0,0,0,6,6
Whole Day 2 - Mon 27th Apr.mov,6110,1:41:50,15:11:50,183055,0,0,2,0,0,2,0,4,4
Whole Day 2 - Mon 27th Apr.mov,6120,1:42:00,15:12:00,183355,0,0,2,0,1,0,0,3,3
Whole Day 2 - Mon 27th Apr.mov,6130,1:42:10,15:12:10,183655,0,0,1,0,1,0,0,2,2
Whole Day 2 - Mon 27th Apr.mov,6140,1:42:20,15:12:20,183954,0,0,4,0,0,0,0,4,4
Whole Day 2 - Mon 27th Apr.mov,6150,1:42:30,15:12:30,184254,1,0,6,0,0,0,0,6,7
Whole Day 2 - Mon 27th Apr.mov,6160,1:42:40,15:12:40,184553,1,0,6,0,0,0,0,6,7
Whole Day 2 - Mon 27th Apr.mov,6170,1:42:50,15:12:50,184853,0,0,3,0,0,0,0,3,3
Whole Day 2 - Mon 27th Apr.mov,6180,1:43:00,15:13:00,185153,0,0,2,0,0,0,0,2,2
Whole Day 2 - Mon 27th Apr.mov,6190,1:43:10,15:13:10,185452,1,0,1,0,0,0,0,1,2
Whole Day 2 - Mon 27th Apr.mov,6200,1:43:20,15:13:20,185752,0,0,2,0,0,0,0,2,2
Whole Day 2 - Mon 27th Apr.mov,6210,1:43:30,15:13:30,186051,0,0,4,0,0,0,0,4,4
Whole Day 2 - Mon 27th Apr.mov,6220,1:43:40,15:13:40,186351,0,0,2,0,0,0,0,2,2
Whole Day 2 - Mon 27th Apr.mov,6230,1:43:50,15:13:50,186651,0,0,1,0,0,0,0,1,1
Whole Day 2 - Mon 27th Apr.mov,6240,1:44:00,15:14:00,186950,1,0,5,0,0,0,0,5,6
Whole Day 2 - Mon 27th Apr.mov,6250,1:44:10,15:14:10,187250,0,0,9,0,0,0,0,9,9
Whole Day 2 - Mon 27th Apr.mov,6260,1:44:20,15:14:20,187549,1,0,6,0,0,0,0,6,7
Whole Day 2 - Mon 27th Apr.mov,6270,1:44:30,15:14:30,187849,1,0,8,0,0,0,0,8,9
Whole Day 2 - Mon 27th Apr.mov,6280,1:44:40,15:14:40,188149,0,0,5,0,0,0,0,5,5
Whole Day 2 - Mon 27th Apr.mov,6290,1:44:50,15:14:50,188448,0,0,8,0,0,0,1,8,8
Whole Day 2 - Mon 27th Apr.mov,6300,1:45:00,15:15:00,188748,0,0,10,0,0,0,0,10,10
Whole Day 2 - Mon 27th Apr.mov,6310,1:45:10,15:15:10,189047,1,0,5,0,0,0,0,5,6
Whole Day 2 - Mon 27th Apr.mov,6320,1:45:20,15:15:20,189347,3,0,10,0,0,0,0,10,13
Whole Day 2 - Mon 27th Apr.mov,6330,1:45:30,15:15:30,189647,1,0,7,0,0,0,0,7,8
Whole Day 2 - Mon 27th Apr.mov,6340,1:45:40,15:15:40,189946,0,0,7,0,0,0,0,7,7
Whole Day 2 - Mon 27th Apr.mov,6350,1:45:50,15:15:50,190246,1,0,4,0,0,1,0,5,6
Whole Day 2 - Mon 27th Apr.mov,6360,1:46:00,15:16:00,190545,0,0,3,0,1,0,0,4,4
Whole Day 2 - Mon 27th Apr.mov,6370,1:46:10,15:16:10,190845,1,0,3,0,0,0,0,3,4
Whole Day 2 - Mon 27th Apr.mov,6380,1:46:20,15:16:20,191145,0,0,5,0,0,0,0,5,5
Whole Day 2 - Mon 27th Apr.mov,6390,1:46:30,15:16:30,191444,0,0,4,0,0,0,0,4,4
Whole Day 2 - Mon 27th Apr.mov,6400,1:46:40,15:16:40,191744,1,0,4,0,0,0,0,4,5
Whole Day 2 - Mon 27th Apr.mov,6410,1:46:50,15:16:50,192043,1,0,7,0,0,0,0,7,8
Whole Day 2 - Mon 27th Apr.mov,6420,1:47:00,15:17:00,192343,1,0,4,0,0,3,0,7,8
Whole Day 2 - Mon 27th Apr.mov,6430,1:47:10,15:17:10,192643,1,0,3,0,1,0,0,4,5
Whole Day 2 - Mon 27th Apr.mov,6440,1:47:20,15:17:20,192942,0,0,5,0,0,0,1,5,5
Whole Day 2 - Mon 27th Apr.mov,6450,1:47:30,15:17:30,193242,2,0,2,0,0,0,1,2,4
Whole Day 2 - Mon 27th Apr.mov,6460,1:47:40,15:17:40,193541,1,0,6,0,0,1,1,7,8
Whole Day 2 - Mon 27th Apr.mov,6470,1:47:50,15:17:50,193841,1,0,10,0,0,0,1,10,11
Whole Day 2 - Mon 27th Apr.mov,6480,1:48:00,15:18:00,194141,1,0,5,0,1,1,1,7,8
Whole Day 2 - Mon 27th Apr.mov,6490,1:48:10,15:18:10,194440,1,0,7,0,0,0,1,7,8
Whole Day 2 - Mon 27th Apr.mov,6500,1:48:20,15:18:20,194740,1,0,3,0,0,0,1,3,4
Whole Day 2 - Mon 27th Apr.mov,6510,1:48:30,15:18:30,195039,2,0,1,0,0,0,1,1,3
Whole Day 2 - Mon 27th Apr.mov,6520,1:48:40,15:18:40,195339,1,0,7,1,0,0,1,8,9
Whole Day 2 - Mon 27th Apr.mov,6530,1:48:50,15:18:50,195639,1,0,11,0,0,0,0,11,12
Whole Day 2 - Mon 27th Apr.mov,6540,1:49:00,15:19:00,195938,1,0,6,0,0,0,1,6,7
Whole Day 2 - Mon 27th Apr.mov,6550,1:49:10,15:19:10,196238,0,0,7,0,0,0,0,7,7
Whole Day 2 - Mon 27th Apr.mov,6560,1:49:20,15:19:20,196537,0,0,10,0,0,0,0,10,10
Whole Day 2 - Mon 27th Apr.mov,6570,1:49:30,15:19:30,196837,1,0,5,0,0,0,1,5,6
Whole Day 2 - Mon 27th Apr.mov,6580,1:49:40,15:19:40,197137,1,0,6,0,0,0,0,6,7
Whole Day 2 - Mon 27th Apr.mov,6590,1:49:50,15:19:50,197436,1,0,6,0,0,0,0,6,7
Whole Day 2 - Mon 27th Apr.mov,6600,1:50:00,15:20:00,197736,1,0,10,0,0,0,0,10,11
Whole Day 2 - Mon 27th Apr.mov,6610,1:50:10,15:20:10,198035,1,0,5,0,0,0,0,5,6
Whole Day 2 - Mon 27th Apr.mov,6620,1:50:20,15:20:20,198335,2,0,2,0,0,0,0,2,4
Whole Day 2 - Mon 27th Apr.mov,6630,1:50:30,15:20:30,198635,1,0,1,0,0,0,0,1,2
Whole Day 2 - Mon 27th Apr.mov,6640,1:50:40,15:20:40,198934,1,0,2,0,0,0,0,2,3
Whole Day 2 - Mon 27th Apr.mov,6650,1:50:50,15:20:50,199234,1,0,0,0,0,0,0,0,1
Whole Day 2 - Mon 27th Apr.mov,6660,1:51:00,15:21:00,199533,2,0,6,0,0,0,0,6,8
Whole Day 2 - Mon 27th Apr.mov,6670,1:51:10,15:21:10,199833,0,0,6,0,0,0,0,6,6
Whole Day 2 - Mon 27th Apr.mov,6680,1:51:20,15:21:20,200133,0,0,11,0,0,1,0,12,12
Whole Day 2 - Mon 27th Apr.mov,6690,1:51:30,15:21:30,200432,1,0,8,0,0,1,0,9,10
Whole Day 2 - Mon 27th Apr.mov,6700,1:51:40,15:21:40,200732,0,0,4,0,0,0,0,4,4
Whole Day 2 - Mon 27th Apr.mov,6710,1:51:50,15:21:50,201031,0,0,9,0,0,0,0,9,9
Whole Day 2 - Mon 27th Apr.mov,6720,1:52:00,15:22:00,201331,0,0,9,0,0,0,0,9,9
Whole Day 2 - Mon 27th Apr.mov,6730,1:52:10,15:22:10,201631,0,0,7,0,0,0,0,7,7
Whole Day 2 - Mon 27th Apr.mov,6740,1:52:20,15:22:20,201930,0,0,9,0,0,0,0,9,9
Whole Day 2 - Mon 27th Apr.mov,6750,1:52:30,15:22:30,202230,0,0,10,0,0,0,0,10,10
Whole Day 2 - Mon 27th Apr.mov,6760,1:52:40,15:22:40,202529,1,0,12,0,0,0,0,12,13
Whole Day 2 - Mon 27th Apr.mov,6770,1:52:50,15:22:50,202829,1,0,9,0,0,0,0,9,10
Whole Day 2 - Mon 27th Apr.mov,6780,1:53:00,15:23:00,203129,2,0,3,0,0,0,0,3,5
Whole Day 2 - Mon 27th Apr.mov,6790,1:53:10,15:23:10,203428,2,0,3,0,0,0,0,3,5
Whole Day 2 - Mon 27th Apr.mov,6800,1:53:20,15:23:20,203728,0,0,7,0,0,0,0,7,7
Whole Day 2 - Mon 27th Apr.mov,6810,1:53:30,15:23:30,204027,2,0,3,0,0,0,0,3,5
Whole Day 2 - Mon 27th Apr.mov,6820,1:53:40,15:23:40,204327,1,0,5,0,0,0,0,5,6
Whole Day 2 - Mon 27th Apr.mov,6830,1:53:50,15:23:50,204627,3,0,9,0,0,0,1,9,12
Whole Day 2 - Mon 27th Apr.mov,6840,1:54:00,15:24:00,204926,0,0,5,0,0,1,0,6,6
Whole Day 2 - Mon 27th Apr.mov,6850,1:54:10,15:24:10,205226,0,0,6,0,0,1,0,7,7
Whole Day 2 - Mon 27th Apr.mov,6860,1:54:20,15:24:20,205525,1,0,3,0,0,0,0,3,4
Whole Day 2 - Mon 27th Apr.mov,6870,1:54:30,15:24:30,205825,1,0,0,0,0,0,0,0,1
Whole Day 2 - Mon 27th Apr.mov,6880,1:54:40,15:24:40,206125,1,0,7,0,0,0,0,7,8
Whole Day 2 - Mon 27th Apr.mov,6890,1:54:50,15:24:50,206424,0,0,7,0,0,0,0,7,7
Whole Day 2 - Mon 27th Apr.mov,6900,1:55:00,15:25:00,206724,0,0,6,0,0,1,1,7,7
Whole Day 2 - Mon 27th Apr.mov,6910,1:55:10,15:25:10,207023,0,0,6,0,0,0,0,6,6
Whole Day 2 - Mon 27th Apr.mov,6920,1:55:20,15:25:20,207323,1,0,3,0,0,0,0,3,4
Whole Day 2 - Mon 27th Apr.mov,6930,1:55:30,15:25:30,207623,0,0,1,0,1,0,0,2,2
Whole Day 2 - Mon 27th Apr.mov,6940,1:55:40,15:25:40,207922,0,0,10,0,0,0,1,10,10
Whole Day 2 - Mon 27th Apr.mov,6950,1:55:50,15:25:50,208222,1,0,9,0,0,0,0,9,10
Whole Day 2 - Mon 27th Apr.mov,6960,1:56:00,15:26:00,208521,0,0,3,0,0,0,0,3,3
Whole Day 2 - Mon 27th Apr.mov,6970,1:56:10,15:26:10,208821,4,0,11,0,0,0,1,11,15
Whole Day 2 - Mon 27th Apr.mov,6980,1:56:20,15:26:20,209121,0,0,8,0,0,0,0,8,8
Whole Day 2 - Mon 27th Apr.mov,6990,1:56:30,15:26:30,209420,0,0,7,0,0,0,0,7,7
Whole Day 2 - Mon 27th Apr.mov,7000,1:56:40,15:26:40,209720,0,0,9,0,0,0,0,9,9
Whole Day 2 - Mon 27th Apr.mov,7010,1:56:50,15:26:50,210019,0,0,8,0,0,0,0,8,8
Whole Day 2 - Mon 27th Apr.mov,7020,1:57:00,15:27:00,210319,0,0,4,0,0,1,0,5,5
Whole Day 2 - Mon 27th Apr.mov,7030,1:57:10,15:27:10,210619,0,0,3,0,0,0,0,3,3
Whole Day 2 - Mon 27th Apr.mov,7040,1:57:20,15:27:20,210918,1,0,2,0,0,0,0,2,3
Whole Day 2 - Mon 27th Apr.mov,7050,1:57:30,15:27:30,211218,0,0,3,0,0,0,0,3,3
Whole Day 2 - Mon 27th Apr.mov,7060,1:57:40,15:27:40,211517,0,0,1,0,0,0,0,1,1
Whole Day 2 - Mon 27th Apr.mov,7070,1:57:50,15:27:50,211817,0,0,1,1,0,0,0,2,2
Whole Day 2 - Mon 27th Apr.mov,7080,1:58:00,15:28:00,212117,2,0,7,0,0,0,0,7,9
Whole Day 2 - Mon 27th Apr.mov,7090,1:58:10,15:28:10,212416,0,0,6,0,0,0,0,6,6
Whole Day 2 - Mon 27th Apr.mov,7100,1:58:20,15:28:20,212716,0,0,6,0,0,0,0,6,6
Whole Day 2 - Mon 27th Apr.mov,7110,1:58:30,15:28:30,213015,0,0,10,0,0,0,0,10,10
Whole Day 2 - Mon 27th Apr.mov,7120,1:58:40,15:28:40,213315,0,0,9,0,0,1,0,10,10
Whole Day 2 - Mon 27th Apr.mov,7130,1:58:50,15:28:50,213615,0,0,7,0,1,1,0,9,9
Whole Day 2 - Mon 27th Apr.mov,7140,1:59:00,15:29:00,213914,1,0,5,0,0,0,0,5,6
Whole Day 2 - Mon 27th Apr.mov,7150,1:59:10,15:29:10,214214,1,0,6,0,0,0,0,6,7
Whole Day 2 - Mon 27th Apr.mov,7160,1:59:20,15:29:20,214513,1,0,4,0,0,1,0,5,6
Whole Day 2 - Mon 27th Apr.mov,7170,1:59:30,15:29:30,214813,1,0,8,0,0,0,0,8,9
Whole Day 2 - Mon 27th Apr.mov,7180,1:59:40,15:29:40,215113,1,0,5,0,0,0,0,5,6
Whole Day 2 - Mon 27th Apr.mov,7190,1:59:50,15:29:50,215412,1,0,6,0,0,0,0,6,7
Whole Day 2 - Mon 27th Apr.mov,7200,2:00:00,15:30:00,215712,1,0,10,0,0,0,0,10,11
Whole Day 2 - Mon 27th Apr.mov,7210,2:00:10,15:30:10,216011,2,0,3,0,0,0,0,3,5
Whole Day 2 - Mon 27th Apr.mov,7220,2:00:20,15:30:20,216311,1,0,2,0,0,0,0,2,3
Whole Day 2 - Mon 27th Apr.mov,7230,2:00:30,15:30:30,216611,1,0,1,0,0,0,0,1,2
Whole Day 2 - Mon 27th Apr.mov,7240,2:00:40,15:30:40,216910,1,0,1,0,0,0,0,1,2
Whole Day 2 - Mon 27th Apr.mov,7250,2:00:50,15:30:50,217210,0,0,4,0,0,0,0,4,4
Whole Day 2 - Mon 27th Apr.mov,7260,2:01:00,15:31:00,217509,0,0,7,0,0,0,0,7,7
Whole Day 2 - Mon 27th Apr.mov,7270,2:01:10,15:31:10,217809,1,0,8,0,0,0,0,8,9
Whole Day 2 - Mon 27th Apr.mov,7280,2:01:20,15:31:20,218109,1,0,4,0,0,0,0,4,5
Whole Day 2 - Mon 27th Apr.mov,7290,2:01:30,15:31:30,218408,1,0,5,0,0,0,0,5,6
Whole Day 2 - Mon 27th Apr.mov,7300,2:01:40,15:31:40,218708,1,0,7,0,0,1,0,8,9
Whole Day 2 - Mon 27th Apr.mov,7310,2:01:50,15:31:50,219007,1,0,8,0,0,0,0,8,9
Whole Day 2 - Mon 27th Apr.mov,7320,2:02:00,15:32:00,219307,1,0,3,0,0,0,0,3,4
Whole Day 2 - Mon 27th Apr.mov,7330,2:02:10,15:32:10,219607,0,0,7,0,0,0,0,7,7
Whole Day 2 - Mon 27th Apr.mov,7340,2:02:20,15:32:20,219906,1,0,1,0,0,0,0,1,2
Whole Day 2 - Mon 27th Apr.mov,7350,2:02:30,15:32:30,220206,1,0,1,0,0,0,0,1,2
Whole Day 2 - Mon 27th Apr.mov,7360,2:02:40,15:32:40,220505,1,0,7,0,0,0,0,7,8
Whole Day 2 - Mon 27th Apr.mov,7370,2:02:50,15:32:50,220805,1,0,5,0,0,0,0,5,6
Whole Day 2 - Mon 27th Apr.mov,7380,2:03:00,15:33:00,221105,1,0,3,0,0,0,0,3,4
Whole Day 2 - Mon 27th Apr.mov,7390,2:03:10,15:33:10,221404,5,0,6,0,0,0,1,6,11
Whole Day 2 - Mon 27th Apr.mov,7400,2:03:20,15:33:20,221704,1,0,5,0,0,0,0,5,6
Whole Day 2 - Mon 27th Apr.mov,7410,2:03:30,15:33:30,222003,0,0,6,0,0,2,0,8,8
Whole Day 2 - Mon 27th Apr.mov,7420,2:03:40,15:33:40,222303,1,0,4,0,0,0,0,4,5
Whole Day 2 - Mon 27th Apr.mov,7430,2:03:50,15:33:50,222603,1,0,6,0,0,0,0,6,7
Whole Day 2 - Mon 27th Apr.mov,7440,2:04:00,15:34:00,222902,1,0,9,0,0,0,0,9,10
Whole Day 2 - Mon 27th Apr.mov,7450,2:04:10,15:34:10,223202,1,0,3,0,0,0,0,3,4
Whole Day 2 - Mon 27th Apr.mov,7460,2:04:20,15:34:20,223501,1,0,3,0,0,0,0,3,4
Whole Day 2 - Mon 27th Apr.mov,7470,2:04:30,15:34:30,223801,1,0,4,0,0,0,0,4,5
Whole Day 2 - Mon 27th Apr.mov,7480,2:04:40,15:34:40,224101,1,0,4,0,0,0,1,4,5
Whole Day 2 - Mon 27th Apr.mov,7490,2:04:50,15:34:50,224400,2,0,2,0,0,0,1,2,4
Whole Day 2 - Mon 27th Apr.mov,7500,2:05:00,15:35:00,224700,1,0,9,0,0,0,0,9,10
Whole Day 2 - Mon 27th Apr.mov,7510,2:05:10,15:35:10,225000,1,0,7,0,0,0,0,7,8
Whole Day 2 - Mon 27th Apr.mov,7520,2:05:20,15:35:20,225299,1,0,4,0,0,0,1,4,5
Whole Day 2 - Mon 27th Apr.mov,7530,2:05:30,15:35:30,225599,2,0,10,0,0,0,0,10,12
Whole Day 2 - Mon 27th Apr.mov,7540,2:05:40,15:35:40,225898,2,0,7,0,0,0,0,7,9
Whole Day 2 - Mon 27th Apr.mov,7550,2:05:50,15:35:50,226198,1,0,2,0,0,0,0,2,3
Whole Day 2 - Mon 27th Apr.mov,7560,2:06:00,15:36:00,226498,1,0,5,0,0,0,0,5,6
Whole Day 2 - Mon 27th Apr.mov,7570,2:06:10,15:36:10,226797,0,0,9,0,0,0,0,9,9
Whole Day 2 - Mon 27th Apr.mov,7580,2:06:20,15:36:20,227097,0,0,10,0,0,0,0,10,10
Whole Day 2 - Mon 27th Apr.mov,7590,2:06:30,15:36:30,227396,0,0,9,0,0,1,0,10,10
Whole Day 2 - Mon 27th Apr.mov,7600,2:06:40,15:36:40,227696,1,0,5,0,0,0,0,5,6
Whole Day 2 - Mon 27th Apr.mov,7610,2:06:50,15:36:50,227996,1,0,4,0,0,0,0,4,5
Whole Day 2 - Mon 27th Apr.mov,7620,2:07:00,15:37:00,228295,0,0,2,0,0,0,0,2,2
Whole Day 2 - Mon 27th Apr.mov,7630,2:07:10,15:37:10,228595,0,0,2,0,0,0,0,2,2
Whole Day 2 - Mon 27th Apr.mov,7640,2:07:20,15:37:20,228894,0,0,11,0,0,0,0,11,11
Whole Day 2 - Mon 27th Apr.mov,7650,2:07:30,15:37:30,229194,0,0,6,0,0,0,0,6,6
Whole Day 2 - Mon 27th Apr.mov,7660,2:07:40,15:37:40,229494,1,0,3,0,0,0,0,3,4
Whole Day 2 - Mon 27th Apr.mov,7670,2:07:50,15:37:50,229793,1,0,2,0,0,0,0,2,3
Whole Day 2 - Mon 27th Apr.mov,7680,2:08:00,15:38:00,230093,0,0,5,0,0,0,0,5,5
Whole Day 2 - Mon 27th Apr.mov,7690,2:08:10,15:38:10,230392,1,0,5,0,0,0,0,5,6
Whole Day 2 - Mon 27th Apr.mov,7700,2:08:20,15:38:20,230692,0,0,2,0,0,0,0,2,2
Whole Day 2 - Mon 27th Apr.mov,7710,2:08:30,15:38:30,230992,1,0,2,0,0,0,0,2,3
Whole Day 2 - Mon 27th Apr.mov,7720,2:08:40,15:38:40,231291,1,0,6,0,0,0,0,6,7
Whole Day 2 - Mon 27th Apr.mov,7730,2:08:50,15:38:50,231591,1,0,7,0,0,0,0,7,8
Whole Day 2 - Mon 27th Apr.mov,7740,2:09:00,15:39:00,231890,0,0,4,0,0,0,0,4,4
Whole Day 2 - Mon 27th Apr.mov,7750,2:09:10,15:39:10,232190,0,0,4,0,0,0,0,4,4
Whole Day 2 - Mon 27th Apr.mov,7760,2:09:20,15:39:20,232490,0,0,2,0,0,0,0,2,2
Whole Day 2 - Mon 27th Apr.mov,7770,2:09:30,15:39:30,232789,1,0,2,0,0,0,1,2,3
Whole Day 2 - Mon 27th Apr.mov,7780,2:09:40,15:39:40,233089,1,0,7,0,0,0,0,7,8
Whole Day 2 - Mon 27th Apr.mov,7790,2:09:50,15:39:50,233388,1,0,5,0,0,0,0,5,6
Whole Day 2 - Mon 27th Apr.mov,7800,2:10:00,15:40:00,233688,1,0,6,0,0,0,0,6,7
Whole Day 2 - Mon 27th Apr.mov,7810,2:10:10,15:40:10,233988,0,0,12,0,0,0,0,12,12
Whole Day 2 - Mon 27th Apr.mov,7820,2:10:20,15:40:20,234287,0,0,3,0,0,1,0,4,4
Whole Day 2 - Mon 27th Apr.mov,7830,2:10:30,15:40:30,234587,0,0,11,0,0,0,0,11,11
Whole Day 2 - Mon 27th Apr.mov,7840,2:10:40,15:40:40,234886,0,0,4,0,0,0,1,4,4
Whole Day 2 - Mon 27th Apr.mov,7850,2:10:50,15:40:50,235186,0,0,6,0,0,0,0,6,6
Whole Day 2 - Mon 27th Apr.mov,7860,2:11:00,15:41:00,235486,0,0,12,0,0,0,0,12,12
Whole Day 2 - Mon 27th Apr.mov,7870,2:11:10,15:41:10,235785,0,0,6,0,0,0,0,6,6
Whole Day 2 - Mon 27th Apr.mov,7880,2:11:20,15:41:20,236085,1,0,3,0,1,0,0,4,5
Whole Day 2 - Mon 27th Apr.mov,7890,2:11:30,15:41:30,236384,0,0,6,0,0,0,0,6,6
Whole Day 2 - Mon 27th Apr.mov,7900,2:11:40,15:41:40,236684,0,0,2,0,0,0,1,2,2
Whole Day 2 - Mon 27th Apr.mov,7910,2:11:50,15:41:50,236984,0,0,5,0,0,0,0,5,5
Whole Day 2 - Mon 27th Apr.mov,7920,2:12:00,15:42:00,237283,0,0,4,0,0,0,1,4,4
Whole Day 2 - Mon 27th Apr.mov,7930,2:12:10,15:42:10,237583,0,0,6,0,0,0,0,6,6
Whole Day 2 - Mon 27th Apr.mov,7940,2:12:20,15:42:20,237882,0,0,2,0,0,0,0,2,2
Whole Day 2 - Mon 27th Apr.mov,7950,2:12:30,15:42:30,238182,0,0,8,0,0,0,0,8,8
Whole Day 2 - Mon 27th Apr.mov,7960,2:12:40,15:42:40,238482,1,0,4,0,0,0,0,4,5
Whole Day 2 - Mon 27th Apr.mov,7970,2:12:50,15:42:50,238781,0,0,7,0,0,0,0,7,7
Whole Day 2 - Mon 27th Apr.mov,7980,2:13:00,15:43:00,239081,1,0,5,0,0,0,1,5,6
Whole Day 2 - Mon 27th Apr.mov,7990,2:13:10,15:43:10,239380,1,0,6,0,0,1,1,7,8
Whole Day 2 - Mon 27th Apr.mov,8000,2:13:20,15:43:20,239680,1,0,9,0,0,0,0,9,10
Whole Day 2 - Mon 27th Apr.mov,8010,2:13:30,15:43:30,239980,0,0,10,0,0,0,0,10,10
Whole Day 2 - Mon 27th Apr.mov,8020,2:13:40,15:43:40,240279,0,0,6,0,0,0,0,6,6
Whole Day 2 - Mon 27th Apr.mov,8030,2:13:50,15:43:50,240579,0,0,4,0,0,0,0,4,4
Whole Day 2 - Mon 27th Apr.mov,8040,2:14:00,15:44:00,240878,1,0,3,0,0,0,1,3,4
Whole Day 2 - Mon 27th Apr.mov,8050,2:14:10,15:44:10,241178,0,0,3,1,0,0,0,4,4
Whole Day 2 - Mon 27th Apr.mov,8060,2:14:20,15:44:20,241478,0,0,5,0,0,0,0,5,5
Whole Day 2 - Mon 27th Apr.mov,8070,2:14:30,15:44:30,241777,0,0,6,0,0,0,0,6,6
Whole Day 2 - Mon 27th Apr.mov,8080,2:14:40,15:44:40,242077,0,0,3,0,0,0,1,3,3
Whole Day 2 - Mon 27th Apr.mov,8090,2:14:50,15:44:50,242376,1,0,3,1,0,0,0,4,5
Whole Day 2 - Mon 27th Apr.mov,8100,2:15:00,15:45:00,242676,0,0,8,0,0,0,0,8,8
Whole Day 2 - Mon 27th Apr.mov,8110,2:15:10,15:45:10,242976,1,0,8,0,0,0,0,8,9
Whole Day 2 - Mon 27th Apr.mov,8120,2:15:20,15:45:20,243275,1,0,5,0,0,0,0,5,6
Whole Day 2 - Mon 27th Apr.mov,8130,2:15:30,15:45:30,243575,0,0,5,0,0,1,0,6,6
Whole Day 2 - Mon 27th Apr.mov,8140,2:15:40,15:45:40,243874,1,0,4,0,0,1,0,5,6
Whole Day 2 - Mon 27th Apr.mov,8150,2:15:50,15:45:50,244174,2,0,6,0,1,0,0,7,9
Whole Day 2 - Mon 27th Apr.mov,8160,2:16:00,15:46:00,244474,0,0,5,0,0,0,0,5,5
Whole Day 2 - Mon 27th Apr.mov,8170,2:16:10,15:46:10,244773,1,0,5,0,0,0,0,5,6
Whole Day 2 - Mon 27th Apr.mov,8180,2:16:20,15:46:20,245073,1,0,2,0,0,0,0,2,3
Whole Day 2 - Mon 27th Apr.mov,8190,2:16:30,15:46:30,245372,1,0,0,0,0,0,0,0,1
Whole Day 2 - Mon 27th Apr.mov,8200,2:16:40,15:46:40,245672,0,0,6,0,0,0,0,6,6
Whole Day 2 - Mon 27th Apr.mov,8210,2:16:50,15:46:50,245972,0,0,4,0,0,0,0,4,4
Whole Day 2 - Mon 27th Apr.mov,8220,2:17:00,15:47:00,246271,2,0,5,0,0,1,0,6,8
Whole Day 2 - Mon 27th Apr.mov,8230,2:17:10,15:47:10,246571,0,0,4,0,1,0,0,5,5
Whole Day 2 - Mon 27th Apr.mov,8240,2:17:20,15:47:20,246870,0,0,5,0,0,0,0,5,5
Whole Day 2 - Mon 27th Apr.mov,8250,2:17:30,15:47:30,247170,0,0,8,0,0,1,0,9,9
Whole Day 2 - Mon 27th Apr.mov,8260,2:17:40,15:47:40,247470,1,0,4,0,0,0,0,4,5
Whole Day 2 - Mon 27th Apr.mov,8270,2:17:50,15:47:50,247769,1,0,6,0,0,0,0,6,7
Whole Day 2 - Mon 27th Apr.mov,8280,2:18:00,15:48:00,248069,1,0,6,0,0,0,0,6,7
Whole Day 2 - Mon 27th Apr.mov,8290,2:18:10,15:48:10,248368,0,0,9,0,0,0,0,9,9
Whole Day 2 - Mon 27th Apr.mov,8300,2:18:20,15:48:20,248668,1,0,3,0,0,0,1,3,4
Whole Day 2 - Mon 27th Apr.mov,8310,2:18:30,15:48:30,248968,1,0,5,0,0,0,1,5,6
Whole Day 2 - Mon 27th Apr.mov,8320,2:18:40,15:48:40,249267,1,0,1,0,0,0,1,1,2
Whole Day 2 - Mon 27th Apr.mov,8330,2:18:50,15:48:50,249567,1,0,3,0,0,0,0,3,4
Whole Day 2 - Mon 27th Apr.mov,8340,2:19:00,15:49:00,249866,1,0,2,0,0,0,0,2,3
Whole Day 2 - Mon 27th Apr.mov,8350,2:19:10,15:49:10,250166,1,0,7,0,0,0,0,7,8
Whole Day 2 - Mon 27th Apr.mov,8360,2:19:20,15:49:20,250466,0,0,4,0,0,0,0,4,4
Whole Day 2 - Mon 27th Apr.mov,8370,2:19:30,15:49:30,250765,1,0,10,0,0,0,0,10,11
Whole Day 2 - Mon 27th Apr.mov,8380,2:19:40,15:49:40,251065,0,0,10,0,0,0,0,10,10
Whole Day 2 - Mon 27th Apr.mov,8390,2:19:50,15:49:50,251364,0,0,11,0,0,0,0,11,11
Whole Day 2 - Mon 27th Apr.mov,8400,2:20:00,15:50:00,251664,3,0,3,0,0,0,0,3,6
Whole Day 2 - Mon 27th Apr.mov,8410,2:20:10,15:50:10,251964,1,0,4,0,0,0,0,4,5
Whole Day 2 - Mon 27th Apr.mov,8420,2:20:20,15:50:20,252263,1,0,8,0,0,0,0,8,9
Whole Day 2 - Mon 27th Apr.mov,8430,2:20:30,15:50:30,252563,1,0,6,0,0,0,0,6,7
Whole Day 2 - Mon 27th Apr.mov,8440,2:20:40,15:50:40,252862,0,0,8,0,0,0,0,8,8
Whole Day 2 - Mon 27th Apr.mov,8450,2:20:50,15:50:50,253162,1,0,5,0,0,0,0,5,6
Whole Day 2 - Mon 27th Apr.mov,8460,2:21:00,15:51:00,253462,0,0,3,0,1,0,0,4,4
Whole Day 2 - Mon 27th Apr.mov,8470,2:21:10,15:51:10,253761,0,0,4,0,0,0,0,4,4
Whole Day 2 - Mon 27th Apr.mov,8480,2:21:20,15:51:20,254061,0,0,5,0,0,0,0,5,5
Whole Day 2 - Mon 27th Apr.mov,8490,2:21:30,15:51:30,254360,0,0,7,0,0,0,0,7,7
Whole Day 2 - Mon 27th Apr.mov,8500,2:21:40,15:51:40,254660,1,0,5,0,0,1,0,6,7
Whole Day 2 - Mon 27th Apr.mov,8510,2:21:50,15:51:50,254960,0,0,9,0,0,0,0,9,9
Whole Day 2 - Mon 27th Apr.mov,8520,2:22:00,15:52:00,255259,0,0,6,0,0,1,0,7,7
Whole Day 2 - Mon 27th Apr.mov,8530,2:22:10,15:52:10,255559,1,0,3,0,0,0,2,3,4
Whole Day 2 - Mon 27th Apr.mov,8540,2:22:20,15:52:20,255858,0,0,3,0,0,0,1,3,3
Whole Day 2 - Mon 27th Apr.mov,8550,2:22:30,15:52:30,256158,0,0,5,0,0,1,1,6,6
Whole Day 2 - Mon 27th Apr.mov,8560,2:22:40,15:52:40,256458,0,0,6,0,0,0,1,6,6
Whole Day 2 - Mon 27th Apr.mov,8570,2:22:50,15:52:50,256757,0,0,3,0,0,0,1,3,3
Whole Day 2 - Mon 27th Apr.mov,8580,2:23:00,15:53:00,257057,0,0,5,0,0,0,1,5,5
Whole Day 2 - Mon 27th Apr.mov,8590,2:23:10,15:53:10,257356,0,0,7,0,0,1,0,8,8
Whole Day 2 - Mon 27th Apr.mov,8600,2:23:20,15:53:20,257656,0,0,9,0,0,0,1,9,9
Whole Day 2 - Mon 27th Apr.mov,8610,2:23:30,15:53:30,257956,0,0,8,0,0,0,0,8,8
Whole Day 2 - Mon 27th Apr.mov,8620,2:23:40,15:53:40,258255,0,0,5,0,0,0,0,5,5
Whole Day 2 - Mon 27th Apr.mov,8630,2:23:50,15:53:50,258555,0,0,4,0,0,1,0,5,5
Whole Day 2 - Mon 27th Apr.mov,8640,2:24:00,15:54:00,258854,0,0,1,0,0,0,0,1,1
Whole Day 2 - Mon 27th Apr.mov,8650,2:24:10,15:54:10,259154,0,0,5,0,0,0,1,5,5
Whole Day 2 - Mon 27th Apr.mov,8660,2:24:20,15:54:20,259454,0,0,5,0,0,0,1,5,5
Whole Day 2 - Mon 27th Apr.mov,8670,2:24:30,15:54:30,259753,0,0,4,0,0,0,1,4,4
Whole Day 2 - Mon 27th Apr.mov,8680,2:24:40,15:54:40,260053,0,0,5,1,0,0,0,6,6
Whole Day 2 - Mon 27th Apr.mov,8690,2:24:50,15:54:50,260352,0,0,8,0,0,1,0,9,9
Whole Day 2 - Mon 27th Apr.mov,8700,2:25:00,15:55:00,260652,0,0,4,0,0,1,0,5,5
Whole Day 2 - Mon 27th Apr.mov,8710,2:25:10,15:55:10,260952,0,0,1,0,1,0,1,2,2
Whole Day 2 - Mon 27th Apr.mov,8720,2:25:20,15:55:20,261251,1,0,10,0,0,0,0,10,11
Whole Day 2 - Mon 27th Apr.mov,8730,2:25:30,15:55:30,261551,0,0,6,0,0,1,0,7,7
Whole Day 2 - Mon 27th Apr.mov,8740,2:25:40,15:55:40,261850,0,0,7,0,0,0,1,7,7
Whole Day 2 - Mon 27th Apr.mov,8750,2:25:50,15:55:50,262150,0,0,5,0,0,0,0,5,5
Whole Day 2 - Mon 27th Apr.mov,8760,2:26:00,15:56:00,262450,0,0,6,0,0,0,1,6,6
Whole Day 2 - Mon 27th Apr.mov,8770,2:26:10,15:56:10,262749,0,0,7,0,0,0,0,7,7
Whole Day 2 - Mon 27th Apr.mov,8780,2:26:20,15:56:20,263049,1,0,2,0,0,0,0,2,3
Whole Day 2 - Mon 27th Apr.mov,8790,2:26:30,15:56:30,263348,2,0,2,2,0,0,0,4,6
Whole Day 2 - Mon 27th Apr.mov,8800,2:26:40,15:56:40,263648,0,0,4,0,0,0,0,4,4
Whole Day 2 - Mon 27th Apr.mov,8810,2:26:50,15:56:50,263948,0,0,1,0,0,0,1,1,1
Whole Day 2 - Mon 27th Apr.mov,8820,2:27:00,15:57:00,264247,1,0,5,0,0,0,1,5,6
Whole Day 2 - Mon 27th Apr.mov,8830,2:27:10,15:57:10,264547,1,0,8,0,0,0,0,8,9
Whole Day 2 - Mon 27th Apr.mov,8840,2:27:20,15:57:20,264846,1,0,6,0,0,0,0,6,7
Whole Day 2 - Mon 27th Apr.mov,8850,2:27:30,15:57:30,265146,1,0,5,0,0,0,0,5,6
Whole Day 2 - Mon 27th Apr.mov,8860,2:27:40,15:57:40,265446,0,0,5,0,0,0,0,5,5
Whole Day 2 - Mon 27th Apr.mov,8870,2:27:50,15:57:50,265745,1,0,6,0,0,0,0,6,7
Whole Day 2 - Mon 27th Apr.mov,8880,2:28:00,15:58:00,266045,0,0,8,0,1,1,0,10,10
Whole Day 2 - Mon 27th Apr.mov,8890,2:28:10,15:58:10,266344,0,0,5,0,0,0,1,5,5
Whole Day 2 - Mon 27th Apr.mov,8900,2:28:20,15:58:20,266644,0,0,5,0,0,0,1,5,5
Whole Day 2 - Mon 27th Apr.mov,8910,2:28:30,15:58:30,266944,0,0,3,0,0,0,0,3,3
Whole Day 2 - Mon 27th Apr.mov,8920,2:28:40,15:58:40,267243,0,0,3,0,0,0,1,3,3
Whole Day 2 - Mon 27th Apr.mov,8930,2:28:50,15:58:50,267543,2,0,6,0,0,0,0,6,8
Whole Day 2 - Mon 27th Apr.mov,8940,2:29:00,15:59:00,267842,1,0,7,0,0,0,0,7,8
Whole Day 2 - Mon 27th Apr.mov,8950,2:29:10,15:59:10,268142,0,0,4,0,0,0,1,4,4
Whole Day 2 - Mon 27th Apr.mov,8960,2:29:20,15:59:20,268442,1,0,10,0,0,0,0,10,11
Whole Day 2 - Mon 27th Apr.mov,8970,2:29:30,15:59:30,268741,0,0,5,0,0,0,1,5,5
Whole Day 2 - Mon 27th Apr.mov,8980,2:29:40,15:59:40,269041,1,0,9,0,0,0,0,9,10
Whole Day 2 - Mon 27th Apr.mov,8990,2:29:50,15:59:50,269340,1,0,4,0,0,1,1,5,6
Whole Day 2 - Mon 27th Apr.mov,9000,2:30:00,16:00:00,269640,0,0,8,0,0,0,0,8,8
Whole Day 2 - Mon 27th Apr.mov,9010,2:30:10,16:00:10,269940,1,0,7,0,0,0,0,7,8
Whole Day 2 - Mon 27th Apr.mov,9020,2:30:20,16:00:20,270239,0,0,3,0,0,1,0,4,4
Whole Day 2 - Mon 27th Apr.mov,9030,2:30:30,16:00:30,270539,0,0,4,0,0,1,0,5,5
Whole Day 2 - Mon 27th Apr.mov,9040,2:30:40,16:00:40,270838,0,0,2,0,0,1,0,3,3
Whole Day 2 - Mon 27th Apr.mov,9050,2:30:50,16:00:50,271138,1,0,3,0,1,0,1,4,5
Whole Day 2 - Mon 27th Apr.mov,9060,2:31:00,16:01:00,271438,1,0,1,0,0,0,0,1,2
Whole Day 2 - Mon 27th Apr.mov,9070,2:31:10,16:01:10,271737,1,0,5,0,0,0,0,5,6
Whole Day 2 - Mon 27th Apr.mov,9080,2:31:20,16:01:20,272037,0,0,2,0,0,0,0,2,2
Whole Day 2 - Mon 27th Apr.mov,9090,2:31:30,16:01:30,272336,0,0,4,0,0,1,0,5,5
Whole Day 2 - Mon 27th Apr.mov,9100,2:31:40,16:01:40,272636,0,0,1,0,0,0,0,1,1
Whole Day 2 - Mon 27th Apr.mov,9110,2:31:50,16:01:50,272936,0,0,7,0,0,0,0,7,7
Whole Day 2 - Mon 27th Apr.mov,9120,2:32:00,16:02:00,273235,0,0,3,0,0,0,1,3,3
Whole Day 2 - Mon 27th Apr.mov,9130,2:32:10,16:02:10,273535,1,0,6,0,0,0,1,6,7
Whole Day 2 - Mon 27th Apr.mov,9140,2:32:20,16:02:20,273834,1,0,5,0,0,0,0,5,6
Whole Day 2 - Mon 27th Apr.mov,9150,2:32:30,16:02:30,274134,0,0,6,0,0,1,0,7,7
Whole Day 2 - Mon 27th Apr.mov,9160,2:32:40,16:02:40,274434,0,0,4,0,0,0,0,4,4
Whole Day 2 - Mon 27th Apr.mov,9170,2:32:50,16:02:50,274733,0,0,6,0,0,0,0,6,6
Whole Day 2 - Mon 27th Apr.mov,9180,2:33:00,16:03:00,275033,1,0,2,0,0,0,0,2,3
Whole Day 2 - Mon 27th Apr.mov,9190,2:33:10,16:03:10,275332,0,0,4,0,0,0,0,4,4
Whole Day 2 - Mon 27th Apr.mov,9200,2:33:20,16:03:20,275632,1,0,2,0,0,0,0,2,3
Whole Day 2 - Mon 27th Apr.mov,9210,2:33:30,16:03:30,275932,1,0,5,0,0,0,0,5,6
Whole Day 2 - Mon 27th Apr.mov,9220,2:33:40,16:03:40,276231,1,0,5,0,0,0,1,5,6
Whole Day 2 - Mon 27th Apr.mov,9230,2:33:50,16:03:50,276531,0,0,6,0,0,0,0,6,6
Whole Day 2 - Mon 27th Apr.mov,9240,2:34:00,16:04:00,276830,1,0,7,0,0,0,1,7,8
Whole Day 2 - Mon 27th Apr.mov,9250,2:34:10,16:04:10,277130,0,0,3,0,0,0,0,3,3
Whole Day 2 - Mon 27th Apr.mov,9260,2:34:20,16:04:20,277430,0,0,6,0,0,0,0,6,6
Whole Day 2 - Mon 27th Apr.mov,9270,2:34:30,16:04:30,277729,0,0,7,0,0,0,1,7,7
Whole Day 2 - Mon 27th Apr.mov,9280,2:34:40,16:04:40,278029,0,0,6,0,0,0,1,6,6
Whole Day 2 - Mon 27th Apr.mov,9290,2:34:50,16:04:50,278328,0,0,8,0,0,0,1,8,8
Whole Day 2 - Mon 27th Apr.mov,9300,2:35:00,16:05:00,278628,0,0,4,0,0,0,0,4,4
Whole Day 2 - Mon 27th Apr.mov,9310,2:35:10,16:05:10,278928,0,0,5,0,1,0,0,6,6
Whole Day 2 - Mon 27th Apr.mov,9320,2:35:20,16:05:20,279227,1,0,3,0,0,0,1,3,4
Whole Day 2 - Mon 27th Apr.mov,9330,2:35:30,16:05:30,279527,0,0,3,0,0,0,0,3,3
Whole Day 2 - Mon 27th Apr.mov,9340,2:35:40,16:05:40,279826,0,0,1,0,0,0,1,1,1
Whole Day 2 - Mon 27th Apr.mov,9350,2:35:50,16:05:50,280126,0,0,3,0,0,0,1,3,3
Whole Day 2 - Mon 27th Apr.mov,9360,2:36:00,16:06:00,280426,0,0,4,0,0,0,0,4,4
Whole Day 2 - Mon 27th Apr.mov,9370,2:36:10,16:06:10,280725,0,0,4,0,0,0,1,4,4
Whole Day 2 - Mon 27th Apr.mov,9380,2:36:20,16:06:20,281025,1,0,3,0,0,1,1,4,5
Whole Day 2 - Mon 27th Apr.mov,9390,2:36:30,16:06:30,281324,0,0,8,0,0,0,0,8,8
Whole Day 2 - Mon 27th Apr.mov,9400,2:36:40,16:06:40,281624,2,0,9,0,0,0,0,9,11
Whole Day 2 - Mon 27th Apr.mov,9410,2:36:50,16:06:50,281924,0,0,4,0,0,0,0,4,4
Whole Day 2 - Mon 27th Apr.mov,9420,2:37:00,16:07:00,282223,0,0,6,0,0,0,1,6,6
Whole Day 2 - Mon 27th Apr.mov,9430,2:37:10,16:07:10,282523,0,0,5,0,0,0,0,5,5
Whole Day 2 - Mon 27th Apr.mov,9440,2:37:20,16:07:20,282822,0,0,5,0,0,1,0,6,6
Whole Day 2 - Mon 27th Apr.mov,9450,2:37:30,16:07:30,283122,1,0,6,0,0,0,1,6,7
Whole Day 2 - Mon 27th Apr.mov,9460,2:37:40,16:07:40,283422,0,0,8,0,0,0,1,8,8
Whole Day 2 - Mon 27th Apr.mov,9470,2:37:50,16:07:50,283721,1,0,4,0,0,0,1,4,5
Whole Day 2 - Mon 27th Apr.mov,9480,2:38:00,16:08:00,284021,1,0,5,0,0,0,0,5,6
Whole Day 2 - Mon 27th Apr.mov,9490,2:38:10,16:08:10,284320,2,1,6,0,0,0,0,6,9
Whole Day 2 - Mon 27th Apr.mov,9500,2:38:20,16:08:20,284620,0,0,7,0,0,1,0,8,8
Whole Day 2 - Mon 27th Apr.mov,9510,2:38:30,16:08:30,284920,0,0,4,0,0,0,1,4,4
Whole Day 2 - Mon 27th Apr.mov,9520,2:38:40,16:08:40,285219,0,0,6,0,0,0,1,6,6
Whole Day 2 - Mon 27th Apr.mov,9530,2:38:50,16:08:50,285519,0,0,6,0,0,0,0,6,6
Whole Day 2 - Mon 27th Apr.mov,9540,2:39:00,16:09:00,285818,1,0,3,0,0,0,1,3,4
Whole Day 2 - Mon 27th Apr.mov,9550,2:39:10,16:09:10,286118,0,0,4,0,0,0,0,4,4
Whole Day 2 - Mon 27th Apr.mov,9560,2:39:20,16:09:20,286418,1,0,7,0,0,0,0,7,8
Whole Day 2 - Mon 27th Apr.mov,9570,2:39:30,16:09:30,286717,0,0,8,0,0,0,0,8,8
Whole Day 2 - Mon 27th Apr.mov,9580,2:39:40,16:09:40,287017,0,0,9,0,0,0,1,9,9
Whole Day 2 - Mon 27th Apr.mov,9590,2:39:50,16:09:50,287316,0,0,7,0,0,0,0,7,7
Whole Day 2 - Mon 27th Apr.mov,9600,2:40:00,16:10:00,287616,0,0,6,0,0,1,1,7,7
Whole Day 2 - Mon 27th Apr.mov,9610,2:40:10,16:10:10,287916,2,0,1,0,0,0,1,1,3
Whole Day 2 - Mon 27th Apr.mov,9620,2:40:20,16:10:20,288215,0,0,1,0,0,0,1,1,1
Whole Day 2 - Mon 27th Apr.mov,9630,2:40:30,16:10:30,288515,2,0,4,0,0,0,1,4,6
Whole Day 2 - Mon 27th Apr.mov,9640,2:40:40,16:10:40,288814,0,0,12,0,0,0,0,12,12
Whole Day 2 - Mon 27th Apr.mov,9650,2:40:50,16:10:50,289114,0,0,8,0,0,0,0,8,8
Whole Day 2 - Mon 27th Apr.mov,9660,2:41:00,16:11:00,289414,0,0,9,0,0,0,2,9,9
Whole Day 2 - Mon 27th Apr.mov,9670,2:41:10,16:11:10,289713,0,0,6,0,0,0,0,6,6
Whole Day 2 - Mon 27th Apr.mov,9680,2:41:20,16:11:20,290013,0,0,5,0,1,0,0,6,6
Whole Day 2 - Mon 27th Apr.mov,9690,2:41:30,16:11:30,290312,1,0,5,0,0,0,1,5,6
Whole Day 2 - Mon 27th Apr.mov,9700,2:41:40,16:11:40,290612,1,0,4,0,0,0,0,4,5
Whole Day 2 - Mon 27th Apr.mov,9710,2:41:50,16:11:50,290912,0,0,8,0,0,0,0,8,8
Whole Day 2 - Mon 27th Apr.mov,9720,2:42:00,16:12:00,291211,0,0,8,0,0,0,0,8,8
Whole Day 2 - Mon 27th Apr.mov,9730,2:42:10,16:12:10,291511,0,0,9,0,0,0,1,9,9
Whole Day 2 - Mon 27th Apr.mov,9740,2:42:20,16:12:20,291810,0,0,4,0,0,0,1,4,4
Whole Day 2 - Mon 27th Apr.mov,9750,2:42:30,16:12:30,292110,0,0,2,0,0,0,0,2,2
Whole Day 2 - Mon 27th Apr.mov,9760,2:42:40,16:12:40,292410,1,0,2,0,0,0,0,2,3
Whole Day 2 - Mon 27th Apr.mov,9770,2:42:50,16:12:50,292709,0,0,6,0,0,0,0,6,6
Whole Day 2 - Mon 27th Apr.mov,9780,2:43:00,16:13:00,293009,0,0,5,0,0,0,1,5,5
Whole Day 2 - Mon 27th Apr.mov,9790,2:43:10,16:13:10,293308,0,0,4,0,0,0,1,4,4
Whole Day 2 - Mon 27th Apr.mov,9800,2:43:20,16:13:20,293608,0,0,6,0,0,0,0,6,6
Whole Day 2 - Mon 27th Apr.mov,9810,2:43:30,16:13:30,293908,0,0,2,0,0,0,0,2,2
Whole Day 2 - Mon 27th Apr.mov,9820,2:43:40,16:13:40,294207,0,0,9,0,0,0,0,9,9
Whole Day 2 - Mon 27th Apr.mov,9830,2:43:50,16:13:50,294507,0,0,5,0,0,0,0,5,5
Whole Day 2 - Mon 27th Apr.mov,9840,2:44:00,16:14:00,294806,1,0,6,0,0,0,0,6,7
Whole Day 2 - Mon 27th Apr.mov,9850,2:44:10,16:14:10,295106,0,0,7,0,0,0,1,7,7
Whole Day 2 - Mon 27th Apr.mov,9860,2:44:20,16:14:20,295406,0,0,6,0,0,0,0,6,6
Whole Day 2 - Mon 27th Apr.mov,9870,2:44:30,16:14:30,295705,0,0,7,0,0,1,0,8,8
Whole Day 2 - Mon 27th Apr.mov,9880,2:44:40,16:14:40,296005,0,0,5,0,0,0,1,5,5
Whole Day 2 - Mon 27th Apr.mov,9890,2:44:50,16:14:50,296304,0,0,1,0,0,0,0,1,1
Whole Day 2 - Mon 27th Apr.mov,9900,2:45:00,16:15:00,296604,0,0,1,0,0,0,0,1,1
Whole Day 2 - Mon 27th Apr.mov,9910,2:45:10,16:15:10,296904,0,0,6,0,0,0,0,6,6
Whole Day 2 - Mon 27th Apr.mov,9920,2:45:20,16:15:20,297203,1,0,6,0,0,0,0,6,7
Whole Day 2 - Mon 27th Apr.mov,9930,2:45:30,16:15:30,297503,2,0,3,0,0,0,1,3,5
Whole Day 2 - Mon 27th Apr.mov,9940,2:45:40,16:15:40,297802,0,0,9,0,0,0,0,9,9
Whole Day 2 - Mon 27th Apr.mov,9950,2:45:50,16:15:50,298102,0,0,4,0,0,1,0,5,5
Whole Day 2 - Mon 27th Apr.mov,9960,2:46:00,16:16:00,298402,0,0,7,0,0,0,0,7,7
Whole Day 2 - Mon 27th Apr.mov,9970,2:46:10,16:16:10,298701,1,0,5,0,0,0,0,5,6
Whole Day 2 - Mon 27th Apr.mov,9980,2:46:20,16:16:20,299001,0,0,4,0,0,0,1,4,4
Whole Day 2 - Mon 27th Apr.mov,9990,2:46:30,16:16:30,299300,0,0,6,0,0,0,0,6,6
Whole Day 2 - Mon 27th Apr.mov,10000,2:46:40,16:16:40,299600,0,0,14,0,0,0,0,14,14
Whole Day 2 - Mon 27th Apr.mov,10010,2:46:50,16:16:50,299900,1,0,10,0,0,0,0,10,11
Whole Day 2 - Mon 27th Apr.mov,10020,2:47:00,16:17:00,300199,0,0,8,0,0,0,0,8,8
Whole Day 2 - Mon 27th Apr.mov,10030,2:47:10,16:17:10,300499,3,0,2,0,0,0,0,2,5
Whole Day 2 - Mon 27th Apr.mov,10040,2:47:20,16:17:20,300798,0,0,3,0,0,0,1,3,3
Whole Day 2 - Mon 27th Apr.mov,10050,2:47:30,16:17:30,301098,3,0,4,0,0,0,0,4,7
Whole Day 2 - Mon 27th Apr.mov,10060,2:47:40,16:17:40,301398,0,0,7,0,0,0,1,7,7
Whole Day 2 - Mon 27th Apr.mov,10070,2:47:50,16:17:50,301697,0,0,6,0,0,0,1,6,6
Whole Day 2 - Mon 27th Apr.mov,10080,2:48:00,16:18:00,301997,0,0,8,0,0,0,1,8,8
Whole Day 2 - Mon 27th Apr.mov,10090,2:48:10,16:18:10,302296,0,0,10,0,0,1,1,11,11
Whole Day 2 - Mon 27th Apr.mov,10100,2:48:20,16:18:20,302596,0,0,9,0,0,0,0,9,9
Whole Day 2 - Mon 27th Apr.mov,10110,2:48:30,16:18:30,302896,1,0,6,0,1,0,1,7,8
Whole Day 2 - Mon 27th Apr.mov,10120,2:48:40,16:18:40,303195,1,0,7,0,0,0,0,7,8
Whole Day 2 - Mon 27th Apr.mov,10130,2:48:50,16:18:50,303495,0,0,8,0,0,0,0,8,8
Whole Day 2 - Mon 27th Apr.mov,10140,2:49:00,16:19:00,303794,1,0,6,0,0,0,1,6,7
Whole Day 2 - Mon 27th Apr.mov,10150,2:49:10,16:19:10,304094,0,0,10,0,1,0,0,11,11
Whole Day 2 - Mon 27th Apr.mov,10160,2:49:20,16:19:20,304394,0,0,7,0,0,0,0,7,7
Whole Day 2 - Mon 27th Apr.mov,10170,2:49:30,16:19:30,304693,0,0,5,0,0,0,0,5,5
Whole Day 2 - Mon 27th Apr.mov,10180,2:49:40,16:19:40,304993,1,0,2,0,0,0,0,2,3
Whole Day 2 - Mon 27th Apr.mov,10190,2:49:50,16:19:50,305292,2,0,4,3,0,0,1,7,9
Whole Day 2 - Mon 27th Apr.mov,10200,2:50:00,16:20:00,305592,0,0,4,0,0,0,1,4,4
Whole Day 2 - Mon 27th Apr.mov,10210,2:50:10,16:20:10,305892,0,0,5,0,0,0,1,5,5
Whole Day 2 - Mon 27th Apr.mov,10220,2:50:20,16:20:20,306191,1,0,9,0,0,0,0,9,10