Day of the week,TimeSlot,TotalCount
Friday,0,46.375
Friday,1,41.25
Friday,2,42.375
Friday,3,36.625
Friday,4,39.875
Friday,5,49.625
Friday,6,45.25
Friday,7,40.625
Friday,8,46.75
Friday,9,39.0
Friday,10,37.625
Friday,11,45.25
Friday,12,41.625
Friday,13,40.875
Friday,14,47.25
Friday,15,40.375
Friday,16,61.714285714285715
Friday,17,63.666666666666664
Friday,18,72.16666666666667
Friday,19,97.0
Friday,20,95.2
Friday,21,91.125
Friday,22,91.0
Friday,23,95.0
Friday,24,93.66666666666667
Friday,25,72.8
Friday,26,72.14285714285714
Friday,27,91.0
Friday,28,78.83333333333333
Friday,29,77.0
Friday,30,87.375
Friday,31,87.2
Friday,32,87.0
Friday,33,78.0
Friday,34,83.2
Friday,35,93.57142857142857
Friday,36,129.5
Friday,37,201.625
Friday,38,214.125
Friday,39,211.375
Friday,40,199.375
Friday,41,209.75
Friday,42,212.5
Friday,43,209.375
Friday,44,209.125
Friday,45,206.75
Friday,46,203.125
Friday,47,206.25
Friday,48,207.0
Friday,49,203.875
Friday,50,212.0
Friday,51,204.75
Friday,52,199.875
Friday,53,197.5
Friday,54,205.5
Friday,55,211.375
Friday,56,200.0
Friday,57,214.875
Friday,58,207.25
Friday,59,203.25
Friday,60,169.25
Friday,61,103.875
Friday,62,104.25
Friday,63,96.625
Friday,64,107.75
Friday,65,96.25
Friday,66,106.0
Friday,67,99.5
Friday,68,104.875
Friday,69,98.625
Friday,70,108.875
Friday,71,104.5
Friday,72,101.875
Friday,73,92.875
Friday,74,111.125
Friday,75,102.75
Friday,76,89.75
Friday,77,64.125
Friday,78,60.125
Friday,79,62.875
Friday,80,66.5
Friday,81,60.625
Friday,82,57.0
Friday,83,66.375
Friday,84,60.75
Friday,85,66.875
Friday,86,57.0
Friday,87,41.625
Friday,88,41.75
Friday,89,43.0
Friday,90,41.25
Friday,91,41.125
Friday,92,44.875
Friday,93,42.25
Friday,94,42.625
Friday,95,44.25
Monday,0,43.375
Monday,1,41.375
Monday,2,42.125
Monday,3,41.875
Monday,4,42.375
Monday,5,45.75
Monday,6,40.75
Monday,7,43.375
Monday,8,40.875
Monday,9,41.125
Monday,10,47.875
Monday,11,40.375
Monday,12,44.25
Monday,13,39.875
Monday,14,40.0
Monday,15,43.875
Monday,16,74.75
Monday,17,103.75
Monday,18,103.25
Monday,19,109.125
Monday,20,112.875
Monday,21,106.5
Monday,22,103.625
Monday,23,134.375
Monday,24,175.625
Monday,25,177.5
Monday,26,164.375
Monday,27,168.125
Monday,28,168.57142857142858
Monday,29,190.125
Monday,30,163.57142857142858
Monday,31,175.25
Monday,32,179.75
Monday,33,177.71428571428572
Monday,34,182.875
Monday,35,169.625
Monday,36,136.875
Monday,37,118.33333333333333
Monday,38,98.85714285714286
Monday,39,100.0
Monday,40,91.5
Monday,41,116.85714285714286
Monday,42,95.42857142857143
Monday,43,81.57142857142857
Monday,44,85.71428571428571
Monday,45,81.75
Monday,46,84.125
Monday,47,77.75
Monday,48,95.14285714285714
Monday,49,88.75
Monday,50,82.125
Monday,51,72.42857142857143
Monday,52,98.625
Monday,53,108.14285714285714
Monday,54,92.625
Monday,55,105.0
Monday,56,91.0
Monday,57,81.42857142857143
Monday,58,110.42857142857143
Monday,59,93.16666666666667
Monday,60,108.0
Monday,61,95.71428571428571
Monday,62,85.875
Monday,63,150.375
Monday,64,189.0
Monday,65,191.28571428571428
Monday,66,186.0
Monday,67,192.5
Monday,68,182.75
Monday,69,188.75
Monday,70,183.625
Monday,71,193.625
Monday,72,186.57142857142858
Monday,73,192.125
Monday,74,158.375
Monday,75,127.57142857142857
Monday,76,136.25
Monday,77,111.85714285714286
Monday,78,131.375
Monday,79,117.83333333333333
Monday,80,117.66666666666667
Monday,81,127.28571428571429
Monday,82,128.16666666666666
Monday,83,133.14285714285714
Monday,84,116.0
Monday,85,124.83333333333333
Monday,86,134.42857142857142
Monday,87,68.83333333333333
Monday,88,46.0
Monday,89,40.875
Monday,90,38.875
Monday,91,39.375
Monday,92,44.875
Monday,93,39.875
Monday,94,47.25
Monday,95,40.5
Saturday,0,45.5
Saturday,1,39.375
Saturday,2,40.625
Saturday,3,43.125
Saturday,4,39.0
Saturday,5,42.375
Saturday,6,39.875
Saturday,7,45.0
Saturday,8,37.5
Saturday,9,44.75
Saturday,10,41.5
Saturday,11,41.75
Saturday,12,43.375
Saturday,13,39.75
Saturday,14,43.5
Saturday,15,46.5
Saturday,16,62.625
Saturday,17,107.25
Saturday,18,118.375
Saturday,19,122.5
Saturday,20,116.0
Saturday,21,116.125
Saturday,22,112.5
Saturday,23,149.25
Saturday,24,164.625
Saturday,25,177.375
Saturday,26,174.125
Saturday,27,166.0
Saturday,28,183.57142857142858
Saturday,29,181.375
Saturday,30,171.75
Saturday,31,182.5
Saturday,32,185.625
Saturday,33,173.14285714285714
Saturday,34,181.71428571428572
Saturday,35,183.71428571428572
Saturday,36,136.5
Saturday,37,89.0
Saturday,38,96.28571428571429
Saturday,39,77.16666666666667
Saturday,40,96.33333333333333
Saturday,41,92.0
Saturday,42,103.71428571428571
Saturday,43,82.57142857142857
Saturday,44,81.75
Saturday,45,90.5
Saturday,46,89.25
Saturday,47,84.5
Saturday,48,86.42857142857143
Saturday,49,93.25
Saturday,50,86.0
Saturday,51,77.5
Saturday,52,102.125
Saturday,53,92.16666666666667
Saturday,54,122.125
Saturday,55,127.0
Saturday,56,105.875
Saturday,57,94.875
Saturday,58,105.14285714285714
Saturday,59,106.75
Saturday,60,89.42857142857143
Saturday,61,140.2
Saturday,62,113.375
Saturday,63,157.0
Saturday,64,186.125
Saturday,65,193.75
Saturday,66,184.42857142857142
Saturday,67,189.875
Saturday,68,194.0
Saturday,69,183.71428571428572
Saturday,70,182.625
Saturday,71,204.875
Saturday,72,195.125
Saturday,73,179.375
Saturday,74,162.28571428571428
Saturday,75,133.625
Saturday,76,125.57142857142857
Saturday,77,125.25
Saturday,78,124.57142857142857
Saturday,79,112.66666666666667
Saturday,80,116.33333333333333
Saturday,81,130.57142857142858
Saturday,82,121.57142857142857
Saturday,83,129.57142857142858
Saturday,84,126.25
Saturday,85,122.71428571428571
Saturday,86,119.0
Saturday,87,77.5
Saturday,88,41.375
Saturday,89,48.375
Saturday,90,43.0
Saturday,91,47.125
Saturday,92,39.625
Saturday,93,41.5
Saturday,94,42.375
Saturday,95,42.125
Sunday,0,47.375
Sunday,1,40.5
Sunday,2,40.0
Sunday,3,48.375
Sunday,4,44.875
Sunday,5,41.25
Sunday,6,44.375
Sunday,7,41.0
Sunday,8,48.0
Sunday,9,37.125
Sunday,10,45.5
Sunday,11,37.875
Sunday,12,44.0
Sunday,13,44.0
Sunday,14,44.625
Sunday,15,44.875
Sunday,16,66.75
Sunday,17,111.875
Sunday,18,116.25
Sunday,19,109.875
Sunday,20,102.625
Sunday,21,105.625
Sunday,22,98.875
Sunday,23,150.25
Sunday,24,175.5
Sunday,25,187.14285714285714
Sunday,26,181.375
Sunday,27,161.0
Sunday,28,169.375
Sunday,29,180.57142857142858
Sunday,30,174.375
Sunday,31,176.33333333333334
Sunday,32,158.0
Sunday,33,171.0
Sunday,34,166.14285714285714
Sunday,35,183.75
Sunday,36,149.16666666666666
Sunday,37,94.25
Sunday,38,101.125
Sunday,39,99.14285714285714
Sunday,40,101.66666666666667
Sunday,41,83.16666666666667
Sunday,42,100.33333333333333
Sunday,43,84.71428571428571
Sunday,44,87.875
Sunday,45,85.375
Sunday,46,82.625
Sunday,47,91.0
Sunday,48,95.375
Sunday,49,91.85714285714286
Sunday,50,80.14285714285714
Sunday,51,83.25
Sunday,52,77.42857142857143
Sunday,53,100.875
Sunday,54,90.33333333333333
Sunday,55,126.85714285714286
Sunday,56,112.42857142857143
Sunday,57,106.14285714285714
Sunday,58,83.85714285714286
Sunday,59,90.66666666666667
Sunday,60,119.0
Sunday,61,77.14285714285714
Sunday,62,95.85714285714286
Sunday,63,138.85714285714286
Sunday,64,188.875
Sunday,65,193.875
Sunday,66,191.625
Sunday,67,199.375
Sunday,68,189.5
Sunday,69,191.42857142857142
Sunday,70,191.125
Sunday,71,183.28571428571428
Sunday,72,190.75
Sunday,73,180.625
Sunday,74,161.5
Sunday,75,135.6
Sunday,76,139.33333333333334
Sunday,77,118.75
Sunday,78,138.875
Sunday,79,125.0
Sunday,80,119.85714285714286
Sunday,81,123.75
Sunday,82,141.83333333333334
Sunday,83,114.2
Sunday,84,131.66666666666666
Sunday,85,131.2
Sunday,86,140.14285714285714
Sunday,87,82.28571428571429
Sunday,88,44.0
Sunday,89,46.875
Sunday,90,44.125
Sunday,91,43.625
Sunday,92,42.875
Sunday,93,37.875
Sunday,94,42.25
Sunday,95,39.625
Thursday,0,46.6
Thursday,1,44.8
Thursday,2,41.0
Thursday,3,41.5
Thursday,4,41.5
Thursday,5,40.0
Thursday,6,40.0
Thursday,7,39.3
Thursday,8,43.4
Thursday,9,46.3
Thursday,10,42.2
Thursday,11,48.2
Thursday,12,39.9
Thursday,13,40.5
Thursday,14,41.1
Thursday,15,44.8
Thursday,16,69.2
Thursday,17,103.3
Thursday,18,96.9
Thursday,19,119.8
Thursday,20,101.3
Thursday,21,111.3
Thursday,22,113.4
Thursday,23,134.9
Thursday,24,179.33333333333334
Thursday,25,176.77777777777777
Thursday,26,171.0
Thursday,27,185.11111111111111
Thursday,28,170.8
Thursday,29,176.0
Thursday,30,177.77777777777777
Thursday,31,173.1
Thursday,32,174.625
Thursday,33,173.0
Thursday,34,185.1
Thursday,35,173.88888888888889
Thursday,36,150.8
Thursday,37,101.57142857142857
Thursday,38,83.8
Thursday,39,84.55555555555556
Thursday,40,82.0
Thursday,41,102.5
Thursday,42,87.2
Thursday,43,93.77777777777777
Thursday,44,90.2
Thursday,45,96.1
Thursday,46,82.22222222222223
Thursday,47,82.55555555555556
Thursday,48,90.8
Thursday,49,88.9
Thursday,50,93.5
Thursday,51,84.7
Thursday,52,78.6
Thursday,53,110.55555555555556
Thursday,54,114.875
Thursday,55,106.44444444444444
Thursday,56,107.55555555555556
Thursday,57,111.5
Thursday,58,98.44444444444444
Thursday,59,116.0
Thursday,60,106.0
Thursday,61,121.88888888888889
Thursday,62,106.88888888888889
Thursday,63,138.88888888888889
Thursday,64,199.44444444444446
Thursday,65,187.0
Thursday,66,185.1
Thursday,67,183.0
Thursday,68,190.14285714285714
Thursday,69,190.0
Thursday,70,186.4
Thursday,71,186.11111111111111
Thursday,72,193.66666666666666
Thursday,73,190.1
Thursday,74,173.5
Thursday,75,127.375
Thursday,76,125.125
Thursday,77,123.28571428571429
Thursday,78,124.6
Thursday,79,115.33333333333333
Thursday,80,128.3
Thursday,81,128.1
Thursday,82,123.88888888888889
Thursday,83,118.625
Thursday,84,124.66666666666667
Thursday,85,127.125
Thursday,86,122.125
Thursday,87,81.77777777777777
Thursday,88,43.2
Thursday,89,44.1
Thursday,90,39.6
Thursday,91,42.9
Thursday,92,39.2
Thursday,93,42.1
Thursday,94,43.4
Thursday,95,37.666666666666664
Tuesday,0,41.666666666666664
Tuesday,1,45.44444444444444
Tuesday,2,42.55555555555556
Tuesday,3,42.77777777777778
Tuesday,4,46.5
Tuesday,5,49.2
Tuesday,6,41.5
Tuesday,7,41.4
Tuesday,8,49.4
Tuesday,9,48.0
Tuesday,10,41.5
Tuesday,11,44.2
Tuesday,12,41.6
Tuesday,13,42.9
Tuesday,14,55.9
Tuesday,15,63.1
Tuesday,16,81.1
Tuesday,17,107.0
Tuesday,18,100.2
Tuesday,19,108.3
Tuesday,20,106.8
Tuesday,21,108.9
Tuesday,22,103.6
Tuesday,23,134.5
Tuesday,24,173.22222222222223
Tuesday,25,177.9
Tuesday,26,171.8
Tuesday,27,171.8
Tuesday,28,163.44444444444446
Tuesday,29,168.7
Tuesday,30,161.9
Tuesday,31,170.5
Tuesday,32,175.1
Tuesday,33,171.5
Tuesday,34,172.5
Tuesday,35,172.55555555555554
Tuesday,36,143.1
Tuesday,37,100.55555555555556
Tuesday,38,85.66666666666667
Tuesday,39,98.88888888888889
Tuesday,40,99.0
Tuesday,41,99.0
Tuesday,42,97.4
Tuesday,43,94.8
Tuesday,44,83.6
Tuesday,45,93.1
Tuesday,46,89.4
Tuesday,47,83.88888888888889
Tuesday,48,82.0
Tuesday,49,84.0
Tuesday,50,80.7
Tuesday,51,91.1
Tuesday,52,93.11111111111111
Tuesday,53,95.125
Tuesday,54,106.44444444444444
Tuesday,55,101.14285714285714
Tuesday,56,96.85714285714286
Tuesday,57,97.0
Tuesday,58,106.625
Tuesday,59,97.7
Tuesday,60,101.55555555555556
Tuesday,61,129.88888888888889
Tuesday,62,92.66666666666667
Tuesday,63,156.0
Tuesday,64,197.8
Tuesday,65,191.3
Tuesday,66,183.4
Tuesday,67,184.33333333333334
Tuesday,68,189.875
Tuesday,69,185.0
Tuesday,70,181.0
Tuesday,71,192.7
Tuesday,72,196.33333333333334
Tuesday,73,182.125
Tuesday,74,158.2
Tuesday,75,134.14285714285714
Tuesday,76,123.5
Tuesday,77,132.22222222222223
Tuesday,78,117.66666666666667
Tuesday,79,128.33333333333334
Tuesday,80,122.75
Tuesday,81,123.2
Tuesday,82,118.66666666666667
Tuesday,83,124.16666666666667
Tuesday,84,131.125
Tuesday,85,120.14285714285714
Tuesday,86,127.88888888888889
Tuesday,87,73.33333333333333
Tuesday,88,38.4
Tuesday,89,39.5
Tuesday,90,44.2
Tuesday,91,43.2
Tuesday,92,47.2
Tuesday,93,43.5
Tuesday,94,42.3
Tuesday,95,45.4
Wednesday,0,43.7
Wednesday,1,43.3
Wednesday,2,40.9
Wednesday,3,40.4
Wednesday,4,36.8
Wednesday,5,43.9
Wednesday,6,40.0
Wednesday,7,43.6
Wednesday,8,43.8
Wednesday,9,46.3
Wednesday,10,41.2
Wednesday,11,40.8
Wednesday,12,46.7
Wednesday,13,41.9
Wednesday,14,48.9
Wednesday,15,45.9
Wednesday,16,76.9
Wednesday,17,106.0
Wednesday,18,108.5
Wednesday,19,119.6
Wednesday,20,106.2
Wednesday,21,109.0
Wednesday,22,104.1
Wednesday,23,129.9
Wednesday,24,177.77777777777777
Wednesday,25,181.0
Wednesday,26,177.22222222222223
Wednesday,27,177.7
Wednesday,28,176.1
Wednesday,29,180.66666666666666
Wednesday,30,180.3
Wednesday,31,181.3
Wednesday,32,192.8
Wednesday,33,182.6
Wednesday,34,167.125
Wednesday,35,176.1
Wednesday,36,146.66666666666666
Wednesday,37,105.33333333333333
Wednesday,38,99.6
Wednesday,39,98.55555555555556
Wednesday,40,93.44444444444444
Wednesday,41,87.16666666666667
Wednesday,42,104.11111111111111
Wednesday,43,85.28571428571429
Wednesday,44,82.8
Wednesday,45,85.4
Wednesday,46,85.7
Wednesday,47,90.5
Wednesday,48,86.1
Wednesday,49,97.1
Wednesday,50,79.9
Wednesday,51,89.6
Wednesday,52,78.6
Wednesday,53,111.9
Wednesday,54,104.11111111111111
Wednesday,55,114.125
Wednesday,56,98.66666666666667
Wednesday,57,95.83333333333333
Wednesday,58,116.875
Wednesday,59,111.28571428571429
Wednesday,60,84.44444444444444
Wednesday,61,99.57142857142857
Wednesday,62,105.75
Wednesday,63,143.0
Wednesday,64,190.375
Wednesday,65,175.77777777777777
Wednesday,66,190.11111111111111
Wednesday,67,197.66666666666666
Wednesday,68,182.5
Wednesday,69,191.1
Wednesday,70,185.55555555555554
Wednesday,71,188.33333333333334
Wednesday,72,180.55555555555554
Wednesday,73,187.5
Wednesday,74,162.375
Wednesday,75,128.33333333333334
Wednesday,76,135.0
Wednesday,77,112.375
Wednesday,78,126.5
Wednesday,79,134.6
Wednesday,80,135.71428571428572
Wednesday,81,121.33333333333333
Wednesday,82,127.77777777777777
Wednesday,83,122.4
Wednesday,84,122.5
Wednesday,85,130.375
Wednesday,86,131.44444444444446
Wednesday,87,81.875
Wednesday,88,41.4
Wednesday,89,40.1
Wednesday,90,44.2
Wednesday,91,42.8
Wednesday,92,44.0
Wednesday,93,39.8
Wednesday,94,42.7
Wednesday,95,41.7
